"sample","issue_id","issue_number","issue_title","issue_state","issue_html","category","documentation","source code","configuration file","link for commit or pull request"
"spring-guides/tut-rest",433049387,78,"spring-boot-maven-plugin:2.0.5.RELEASE  InvocationTargetException","closed","https://github.com/spring-guides/tut-rest/issues/78","Importing",0,0,1,"https://github.com/spring-guides/tut-rest/commit/3fc939c22d33f5d0c473896c234b5ff1bd87841a"
"spring-guides/tut-rest",422422044,72,"Incompatibility with Spring Boot 2.1: No default constructor for entity","closed","https://github.com/spring-guides/tut-rest/issues/72","Importing",0,1,0,"https://github.com/spring-guides/tut-rest/pull/77/commits/b35380e5632763cb041d7c1ffd663e8f6f89d6cb"
"spring-guides/tut-rest",185220112,18,"Tutorial needs instructions for launching from command line","closed","https://github.com/spring-guides/tut-rest/issues/18","Importing",1,1,1,"https://github.com/spring-guides/tut-rest/commit/115b6d3b5975459a865304e8f83f4b9fe46380366"
"spring-guides/gs-authenticating-ldap",59987886,9,"Problems building","closed","https://github.com/spring-guides/gs-authenticating-ldap/issues/9","Importing",1,1,1,"https://github.com/spring-guides/gs-authenticating-ldap/commit/5d5348f01374712d629d1d509983630f2745d84c"
"spring-guides/gs-messaging-redis",29168883,3,"Missing dependencies","closed","https://github.com/spring-guides/gs-messaging-redis/issues/3","Importing",0,0,1,"https://github.com/spring-guides/gs-messaging-redis/commit/b58eb4b871e97b7fc90a6842fab3f3a9d1fd4c32"
"spring-guides/gs-accessing-neo4j-data-rest",172562375,8,"Example does not work.","closed","https://github.com/spring-guides/gs-accessing-neo4j-data-rest/issues/8","Importing",0,1,1,"https://github.com/spring-guides/gs-accessing-neo4j-data-rest/commit/23a20700e98dc443fe29875ac953f8346948a4ec"
"spring-guides/gs-accessing-data-neo4j",171463452,18,"Example build failed because of changes after Spring data neo4j","closed","https://github.com/spring-guides/gs-accessing-data-neo4j/issues/18","Importing",1,1,1,"https://github.com/spring-guides/gs-accessing-data-neo4j/commit/def4922c27c799be69970109914dba54418b6937"
"spring-guides/gs-rest-service",22835034,15,"build fails","closed","https://github.com/spring-guides/gs-rest-service/issues/15","Importing",1,0,1,"https://github.com/spring-guides/gs-rest-service/commit/5629808aa2aefd0a19ba38203d2e43eb2f3a33d4"
"spring-guides/gs-messaging-stomp-websocket",27611271,9,"Guide doesn't build successfully.","closed","https://github.com/spring-guides/gs-messaging-stomp-websocket/issues/9","Importing",0,1,1,"https://github.com/spring-guides/gs-messaging-stomp-websocket/pull/12/files"
"spring-guides/gs-actuator-service",22808141,4,"Run the Sample' in README isn't working","closed","https://github.com/spring-guides/gs-actuator-service/issues/4","Importing",1,1,1,"https://github.com/spring-guides/gs-actuator-service/commit/4bce2eef5ebdf0712e99b7482367b18fe975aec3"
"spring-guides/gs-securing-web",41287242,18,"Missing dependencies in gradle file?","closed","https://github.com/spring-guides/gs-securing-web/issues/18","Importing",1,0,0,"https://github.com/spring-guides/gs-securing-web/commit/353a7933b23c1a024540d72c62968278a21cef52"
"spring-guides/gs-securing-web",29472980,10,"Unable to build without Application.java: ""Unable to find main class""","closed","https://github.com/spring-guides/gs-securing-web/issues/10","Importing",1,0,0,"https://github.com/spring-guides/gs-securing-web/commit/193f55ada1b501b123289d2947bc81a27dbc506c"
"spring-guides/gs-securing-web",16339966,3,"Codeset 'complete' doesn't build with maven","closed","https://github.com/spring-guides/gs-securing-web/issues/3","Importing",0,1,1,"https://github.com/spring-guides/gs-securing-web/commit/db8857463b6e7474c0f2ec8bde3ae1f407d239a9"
"spring-guides/gs-relational-data-access",50474333,7,"""jdbc:h2:mem"" doesn't work with Spring Boot 1.2.0.RC2.","closed","https://github.com/spring-guides/gs-relational-data-access/issues/7","Importing",1,1,1,"https://github.com/spring-guides/gs-relational-data-access/commit/dcbed04188e1784c46f79ba484c1b14a13fc6931"
"spring-guides/gs-maven",265608048,21,"mvn compile throws errors","closed","https://github.com/spring-guides/gs-maven/issues/21","Importing",0,0,1,"https://github.com/sigopt/sigopt-examples/pull/88/commits/ea5beba8b244dba86d09f76a6e2f384fef06f883"
"spring-guides/tut-rest",316393424,53,"findOne in interface cannot be applied to given types","closed","https://github.com/spring-guides/tut-rest/issues/53","Importing",1,1,1,"https://github.com/spring-guides/tut-rest/commit/7f3644ea186e5fa5db6312af00f926e2733841255"
"spring-guides/gs-spring-boot-docker",390670238,63,"Dockerbuild not possible due to JsonMappingException","closed","https://github.com/spring-guides/gs-spring-boot-docker/issues/63","Importing",0,0,1,"https://github.com/spring-guides/gs-spring-boot-docker/commit/3033a0c9708114b2212aacc23f677cc7723ea5d1"
"spring-guides/gs-multi-module",814447233,42,"bootRun' not found in project ' : for both library and aplication from complete folder in windows","closed","https://github.com/spring-guides/gs-multi-module/issues/42","Importing",1,0,1,"https://github.com/spring-guides/gs-multi-module/commit/225c0170c7288ba861f7628e1f9ee58b5275e0b5"
"spring-guides/gs-multi-module",335922191,10,"Build fails with 'A problem occurred evaluating project ':library'. > Could not find method bootJar()'","closed","https://github.com/spring-guides/gs-multi-module/issues/10","Importing",0,0,1,"https://github.com/spring-guides/gs-multi-module/commit/d23745188f1171d0dd0dae31ad89a4d4d9697d35"
"spring-guides/gs-gradle",336588014,23,"Getting error on gradle build: Could not find method bootJar","closed","https://github.com/spring-guides/gs-gradle/issues/23","Importing",0,0,1,"https://github.com/spring-guides/gs-gradle/commit/5cec2afceb4c85d11b1a73ce08ef9917e36d8bb8"
"spring-guides/gs-consuming-rest",256929047,26,"Source code for Application.java (Standalone Version) does not compile","closed","https://github.com/spring-guides/gs-consuming-rest/issues/26","Importing",1,0,0,"https://github.com/spring-guides/gs-consuming-rest/commit/8df2553a6aaf8ec358ad8e4a3bde42657a3a5cdc"
"spring-guides/gs-centralized-configuration",325725273,8,"Wrong gradle version set for configuration-client sub project","closed","https://github.com/spring-guides/gs-centralized-configuration/issues/8","Importing",0,0,1,"https://github.com/spring-guides/gs-centralized-configuration/commit/2ca25c1577d72c88059fdc928601714fd24fda09"
"spring-guides/gs-accessing-data-jpa",19331066,3,"org.springframework.' is an invalid name on this platform","closed","https://github.com/spring-guides/gs-accessing-data-jpa/issues/3","Importing",0,0,1,"https://github.com/spring-guides/gs-accessing-data-jpa/commit/a31f816a01a4f56e94bf9b3cdbed5bf2d1c35a72"
"spring-guides/gs-messaging-redis",562111737,17,"Application hangs for me due to race condition","closed","https://github.com/spring-guides/gs-messaging-redis/issues/17","Importing",1,1,1,"https://github.com/spring-guides/gs-messaging-redis/commit/77870db7f4b79c478d0ec9168bd5b7b8eac398b5"
"spring-guides/gs-contract-rest",295447821,4,"java.lang.IllegalStateException: Exception occurred while trying to download a stub for group [com.example] module [contract-rest-service] and classifier [stubs] in []","closed","https://github.com/spring-guides/gs-contract-rest/issues/4","Importing",0,0,1,"https://github.com/spring-guides/gs-contract-rest/commit/465250962a987295c90f48154ff88bcc72413e30"
"spring-guides/tut-rest",490476447,80,"Missing import information","closed","https://github.com/spring-guides/tut-rest/issues/80","Improvement",1,0,0,"https://github.com/spring-guides/tut-rest/commit/9fd3522904fbc387767a82ced62f652ff1959b9f"
"spring-guides/tut-rest",273262270,44,"Several issues regarding README.adoc","closed","https://github.com/spring-guides/tut-rest/issues/44","Improvement",1,0,0,"https://github.com/spring-guides/tut-rest/pull/60/commits/4717d228499cf9a2876a753dca766b5160bd5da6"
"spring-guides/tut-rest",185320152,19,"Remove deprecated classes","closed","https://github.com/spring-guides/tut-rest/issues/19","Improvement",1,1,1,"https://github.com/spring-guides/tut-rest/commit/115b6d3b5975459a865304e8f83f4b9fe4638036"
"spring-guides/tut-rest",169996642,15,"Fix the method for https://github.com/spring-projects/spring-boot/issues/1801","closed","https://github.com/spring-guides/tut-rest/issues/15","Improvement",1,1,1,"https://github.com/spring-guides/tut-rest/commit/7f3644ea186e5fa5db6312af00f926e273384125"
"spring-guides/tut-rest",129301934,12,"Tutorial has insufficient Spring initializer projects","closed","https://github.com/spring-guides/tut-rest/issues/12","Improvement",1,0,0,"https://github.com/spring-guides/tut-rest/commit/d5c8076cfd6ed4799cc5fa1c10a4959a9c48c665"
"spring-guides/tut-rest",47799180,5,"Typo (ReservationRestController instead of BookmarkRestController)","closed","https://github.com/spring-guides/tut-rest/issues/5","Improvement",1,1,0,"https://github.com/spring-guides/tut-rest/commit/7f1365ef9189315c50b911de61d9288fa2ab8d98"
"spring-guides/tut-rest",46674989,1,"Use declarative SSL termination","closed","https://github.com/spring-guides/tut-rest/issues/1","Improvement",1,1,1,"https://github.com/spring-guides/tut-rest/commit/a72771661e8514919bf946a342edf7e144438210"
"spring-guides/gs-vault-config",375370023,4,"Can't get configuration property","closed","https://github.com/spring-guides/gs-vault-config/issues/4","Improvement",0,0,1,"https://github.com/spring-guides/gs-vault-config/commit/998f1e8a4eacd010004a6599b6b9f489a67a5318"
"spring-guides/gs-spring-boot",589723479,89,"HelloControllerIT assertion is always returning true","closed","https://github.com/spring-guides/gs-spring-boot/issues/89","Improvement",0,1,0,"https://github.com/spring-guides/gs-spring-boot/commit/eb4662606d87b6de94aae4619f748fbdcc139ce0"
"spring-guides/gs-spring-boot",209259328,32,"Asciidoctor include tags show up in build.gradle that is included by README.adoc","closed","https://github.com/spring-guides/gs-spring-boot/issues/32","Improvement",0,0,1,"https://github.com/spring-guides/gs-spring-boot/commit/8186863cf11dd89e36ef370510c010aaf75a6a9c"
"spring-guides/gs-spring-boot",170284818,25,"SpringApplicationConfiguration annotation marked as deprecated","closed","https://github.com/spring-guides/gs-spring-boot/issues/25","Improvement",0,1,0,"https://github.com/spring-guides/gs-spring-boot/pull/26/commits/583db8d66de74dc69f06f6d2f399975ab5a7a6e8"
"spring-guides/gs-spring-boot",54085321,19,"Test code appears to be missing from the published guide","closed","https://github.com/spring-guides/gs-spring-boot/issues/19","Improvement",1,0,0,"https://github.com/spring-guides/gs-spring-boot/commit/581b4738e6b33726a71094297a0d0b8174b51c05"
"spring-guides/gs-spring-boot",33097529,15,"Getting Started Guide should not reference snapshot repository.","closed","https://github.com/spring-guides/gs-spring-boot/issues/15","Improvement",0,0,1,"https://github.com/spring-guides/gs-spring-boot/commit/0f37f766c9cde4a5fd28df4e4603a8d1115e2b69"
"spring-guides/gs-spring-boot",18561379,3,"MultiPartUpload does not add much to the guide","closed","https://github.com/spring-guides/gs-spring-boot/issues/3","Improvement",1,0,0,"https://github.com/spring-guides/gs-spring-boot/commit/fc2632546bcaa78e52f2b6f0882264bc02fcfe05"
"spring-guides/gs-rest-service",332041235,75,"Jackson links in README need updating","closed","https://github.com/spring-guides/gs-rest-service/issues/75","Improvement",1,0,0,"https://github.com/spring-guides/gs-rest-service/commit/6a49f7a44da434a67d3f112f4ff7441905688623"
"spring-guides/gs-rest-service",105483379,32,"Documentation Nit: Wrong class name","closed","https://github.com/spring-guides/gs-rest-service/issues/32","Improvement",1,0,0,"https://github.com/spring-guides/gs-rest-service/commit/5519daf1028e0558d3c87a8c7abd561c73635c80"
"spring-guides/gs-rest-service",46262319,26,"required = false is obsolete in GreetingController","closed","https://github.com/spring-guides/gs-rest-service/issues/26","Improvement",0,1,0,"https://github.com/spring-guides/gs-rest-service/commit/36fea0542e5a012f137ee2947d233c55b27aa786"
"spring-guides/gs-rest-service",35858388,22,"@RestController in GreetingController","closed","https://github.com/spring-guides/gs-rest-service/issues/22","Improvement",0,1,0,"https://github.com/spring-guides/gs-rest-service/commit/97f4d02b4f9f2d231c7a24d5d35d55a2070c4d0f"
"spring-guides/gs-rest-service",29559762,19,"Upgrade this guide to latest Spring Boot release","closed","https://github.com/spring-guides/gs-rest-service/issues/19","Improvement",0,0,1,"https://github.com/spring-guides/gs-rest-service/commit/8d1ef64d805f02da44aa6b3bb5389b41f63edb37"
"spring-guides/gs-spring-boot-docker",69598171,3,"Minor issues / suggestions for gs-spring-boot-docker guide","closed","https://github.com/spring-guides/gs-spring-boot-docker/issues/3","Improvement",1,1,0,"https://github.com/spring-guides/gs-spring-boot-docker/commit/7992d192acdce03a4141a98178cd7d7a3c2e51e1"
"spring-guides/gs-maven",467868600,31,"How to run Jar file not explained.","closed","https://github.com/spring-guides/gs-maven/issues/31","Improvement",1,0,0,"https://github.com/spring-guides/gs-maven/commit/3686f0a671309524feb5aa783303ee92afdbcd8c"
"spring-guides/gs-crud-with-vaadin",212757192,9,"Upgrade README to vaadin 8","closed","https://github.com/spring-guides/gs-crud-with-vaadin/issues/9","Improvement",1,1,1,"https://github.com/spring-guides/gs-crud-with-vaadin/commit/a99a7f3e38af2075b908df72634635fb11f53af9"
"spring-guides/gs-uploading-files",564724908,65,"Can't download a file containing an %","closed","https://github.com/spring-guides/gs-uploading-files/issues/65","Improvement",0,1,0,"https://github.com/spring-guides/gs-uploading-files/commit/44863fef29893f2fc73106143d8841d36bad6414"
"spring-guides/gs-uploading-files",159786090,24,"duplicate condition","closed","https://github.com/spring-guides/gs-uploading-files/issues/24","Improvement",1,1,1,"https://github.com/spring-guides/gs-uploading-files/commit/bc402eea88422278b51e3a4735be5ac371eab286"
"spring-guides/gs-uploading-files",52345593,12,"Text mentions REST endpoints which doesn't seem relevant to this guide","closed","https://github.com/spring-guides/gs-uploading-files/issues/12","Improvement",1,1,1,"https://github.com/spring-guides/gs-uploading-files/commit/862f636c7a88642658c68e000baa051ce4e75439"
"spring-guides/gs-uploading-files",52345252,10,"Use Boot's auto-configuration rather than declaring the MultipartConfigElement bean","closed","https://github.com/spring-guides/gs-uploading-files/issues/10","Improvement",1,1,1,"https://github.com/spring-guides/gs-uploading-files/commit/862f636c7a88642658c68e000baa051ce4e75439"
"spring-guides/gs-service-registration-and-discovery",528840696,22,"Spring boot version and spring cloud version does not match","closed","https://github.com/spring-guides/gs-service-registration-and-discovery/issues/22","Improvement",0,0,1,"https://github.com/spring-guides/gs-service-registration-and-discovery/commit/d132b271d8c0bd100a5a17adea48f4503a4d76c7"
"spring-guides/gs-securing-web",422362609,40,"Update to Spring Boot 2.1.3.RELEASE","closed","https://github.com/spring-guides/gs-securing-web/issues/40","Improvement",1,0,1,"https://github.com/spring-guides/gs-securing-web/commit/47cb940c7b8c8915ba8b0573043b0647ca0ffc40"
"spring-guides/gs-rest-service-cors",75660567,6,"update this guide once Spring Framework 4.2 + Boot 1.3 are released","closed","https://github.com/spring-guides/gs-rest-service-cors/issues/6","Improvement",1,1,1,"https://github.com/spring-guides/gs-rest-service-cors/commit/fcf17441ce0754eaf4dad301f05d9289c9263133"
"spring-guides/gs-multi-module",457867749,22,"update this guide to gradle 5.4","closed","https://github.com/spring-guides/gs-multi-module/issues/22","Improvement",0,0,1,"https://github.com/spring-guides/gs-multi-module/commit/3bcc4ae33f9ff35ba2e61f8241b76e934ff6dcc4"
"spring-guides/gs-messaging-jms",23417750,4,"Remove ""Run the service"" section","closed","https://github.com/spring-guides/gs-messaging-jms/issues/4","Improvement",1,0,0,"https://github.com/spring-guides/gs-messaging-jms/commit/a21668e9548075deb1c2b65509690515c6e1dae2"
"spring-guides/gs-accessing-mongodb-data-rest",32480887,1,"README ""graph-based data"" -> ""document-based data""","closed","https://github.com/spring-guides/gs-accessing-mongodb-data-rest/issues/1","Improvement",1,0,0,"https://github.com/spring-guides/gs-accessing-mongodb-data-rest/commit/1837ec98d7dd858d08e371c07ca19414990ebf76"
"spring-guides/gs-accessing-data-rest",132251291,4,"Typo in reference to RepositoryRestConfiguration.setReturnBodyOnCreate","closed","https://github.com/spring-guides/gs-accessing-data-rest/issues/4","Improvement",1,0,0,"https://github.com/spring-guides/gs-accessing-data-rest/commit/768f95f34850ceacc23f3af7e0b0a142aa85ec44"
"spring-guides/getting-started-guides",177567247,32,"Documentation issue for Serving Web Content with Spring MVC","closed","https://github.com/spring-guides/getting-started-guides/issues/32","Improvement",1,0,0,"https://github.com/spring-guides/gs-serving-web-content/commit/03d31df13c765f2e935b6b38f6904ab19edd798c"
"spring-guides/gs-accessing-data-gemfire",781470625,16,"Getting Started Guides - Links for Build with Maven, Gradle and IDE don't work","closed","https://github.com/spring-guides/gs-accessing-data-gemfire/issues/16","Improvement",1,0,0,"https://github.com/spring-guides/gs-accessing-data-gemfire/commit/0e28d1aa2c7a1e544dfe5bf437bcbe8bc3408066"
"spring-guides/gs-validating-form-input",231763600,21,"Typo in 'Create a web controller' section","closed","https://github.com/spring-guides/gs-validating-form-input/issues/21","Improvement",1,0,0,"https://github.com/spring-guides/gs-validating-form-input/commit/29599b063c732c0a7e1471c2dbfae3d4cc96e49b"
"spring-guides/gs-messaging-redis",32133024,5,"Use autoconfiguration for jedis when available.","closed","https://github.com/spring-guides/gs-messaging-redis/issues/5","Improvement",1,1,1,"https://github.com/spring-guides/gs-messaging-redis/commit/8426ca6da9ff937be95ade9fb8e5b56fad4620f4"
"spring-guides/gs-integration",37799214,7,"wrong dependency","closed","https://github.com/spring-guides/gs-integration/issues/7","Improvement",0,0,1,"https://github.com/spring-guides/gs-integration/pull/8/commits/eab804d7eba320db3c25c15c54693cf31d363614"
"spring-guides/gs-contract-rest",287095259,2,"spring boot version upgrade","closed","https://github.com/spring-guides/gs-contract-rest/issues/2","Improvement",0,0,1,"https://github.com/spring-guides/gs-contract-rest/commit/06e323583eeda1364779d80eef55110256411426"
"spring-guides/gs-batch-processing",371441277,27,"Unnecessary Asciidoctor tags in code samples","closed","https://github.com/spring-guides/gs-batch-processing/issues/27","Improvement",1,1,0,"https://github.com/spring-guides/gs-batch-processing/commit/7ab425a723f776aff0660ec6c7f71ba89d5447aa 

https://github.com/spring-guides/gs-batch-processing/commit/ba6b41e91c4278f4e498bec6734048c3b90b6837"
"spring-guides/gs-batch-processing",113093078,12,"The tutorial on the Spring website is missing crucial files.","closed","https://github.com/spring-guides/gs-batch-processing/issues/12","Improvement",1,0,0,"https://github.com/spring-guides/gs-batch-processing/commit/63cea20610a133ee092abd3f54cebb374238e5a6"
"spring-guides/gs-accessing-data-neo4j",138281271,17,"Clarify the meaning of Direction.BOTH.","closed","https://github.com/spring-guides/gs-accessing-data-neo4j/issues/17","Improvement",0,1,1,"https://github.com/spring-guides/gs-accessing-data-neo4j/commit/785f452bc09c50bb8ef8a559caccb274995dd5b5"
"spring-guides/gs-accessing-data-neo4j",56948577,12,"Inconsistency between code and text for PersonRepository","closed","https://github.com/spring-guides/gs-accessing-data-neo4j/issues/12","Improvement",1,0,0,"https://github.com/spring-guides/gs-accessing-data-neo4j/commit/e8d24ee05bed945371709f75633e4b9e1ea45de6"
"spring-guides/gs-accessing-data-neo4j",23820472,8,"Typo on the tutorial","closed","https://github.com/spring-guides/gs-accessing-data-neo4j/issues/8","Improvement",0,0,1,"https://github.com/spring-guides/gs-accessing-data-neo4j/commit/1cd28a4024de68e3f53ef6e416c426c115d460ad"
"spring-guides/gs-accessing-data-neo4j",23806019,7,"Typo on the tutorial","closed","https://github.com/spring-guides/gs-accessing-data-neo4j/issues/7","Improvement",1,0,0,"https://github.com/spring-guides/gs-accessing-data-neo4j/commit/268634a7a5c38d6695a96e4fbc4f40fa1b0171a1"
"spring-guides/gs-accessing-data-neo4j",22955129,5,"Switched guide to maven until gradle builds work","closed","https://github.com/spring-guides/gs-accessing-data-neo4j/issues/5","Improvement",1,0,1,"https://github.com/spring-guides/gs-accessing-data-neo4j/commit/530f7d6b11088404bbb4b2c331da9d350422450c"
"spring-guides/gs-accessing-data-mongodb",111077007,13,"Readme refers to 'columns' in the context of MongoDB - MongoDB does not have columns.","closed","https://github.com/spring-guides/gs-accessing-data-mongodb/issues/13","Improvement",1,0,0,"https://github.com/spring-guides/gs-accessing-data-mongodb/commit/36cd35eff0b4d208e0e35b12195e1fa9d4ef5453"
"spring-guides/gs-accessing-data-mongodb",28445948,5,"Remove Spring Data MongoDB version","closed","https://github.com/spring-guides/gs-accessing-data-mongodb/issues/5","Improvement",0,0,1,"https://github.com/spring-guides/gs-accessing-data-mongodb/commit/a7b8dfdbb657f532ca6fcbb57038586cc3939866"
"spring-guides/tut-spring-boot-oauth2",369122080,91,"Migrate to spring-security-oauth2-client","closed","https://github.com/spring-guides/tut-spring-boot-oauth2/issues/91","Improvement",1,1,1,"https://github.com/spring-guides/tut-spring-boot-oauth2/pull/118/commits/6c77314d11ca2782880ccbbd43026ab3bb5962ff"
"spring-guides/tut-spring-boot-oauth2",271181200,63,"Logout button - include js.cookie.js script","closed","https://github.com/spring-guides/tut-spring-boot-oauth2/issues/63","Improvement",1,0,0,"https://github.com/spring-guides/tut-spring-boot-oauth2/pull/64/commits/7ad7e6d2dfcb48c1b010ce121526fd9f4a3529d1"
"spring-guides/tut-spring-boot-oauth2",163635992,27,"Error in Manual tutorial","closed","https://github.com/spring-guides/tut-spring-boot-oauth2/issues/27","Improvement",1,0,0,"https://github.com/spring-guides/tut-spring-boot-oauth2/commit/0f19b1d201851cfd8c1c87036a3e2039ae8f7374"
"spring-guides/tut-rest",306169593,50,"Tutorial text does not mention including Spring Security Starter","closed","https://github.com/spring-guides/tut-rest/issues/50","Improvement",1,0,1,"https://github.com/spring-guides/tut-rest/commit/9294e95ec6d03d115ba4d6572cd235de4789b8d0"
"spring-guides/gs-spring-boot-docker",141358091,16,"Change the Dockerfile RUN bash to RUN sh","closed","https://github.com/spring-guides/gs-spring-boot-docker/issues/16","Improvement",0,0,1,"https://github.com/spring-guides/gs-spring-boot-docker/commit/958e5966ef4ab0a423d86710e9be74c9fee21565"
"spring-guides/gs-maven",178730588,13,"Minor: missing <dependencies> element in tutorial","closed","https://github.com/spring-guides/gs-maven/issues/13","Improvement",1,0,0,"https://github.com/spring-guides/gs-maven/commit/9a1a358fff2e939b30e9b1d63b34ed4051f32224"
"spring-guides/gs-testing-web",174157360,2,"The documentation for this GS is incorrect in places.","closed","https://github.com/spring-guides/gs-testing-web/issues/2","Improvement",1,0,0,"https://github.com/spring-guides/gs-testing-web/commit/08b22fdf78726eebd946c93aaa2ca51db73ef919"
"spring-guides/gs-consuming-rest",519273887,39,"Missing image","closed","https://github.com/spring-guides/gs-consuming-rest/issues/39","Improvement",1,0,0,"https://github.com/spring-guides/gs-consuming-rest/commit/3ffe4368c7e4667fc16a6e109a8a79199d50a346"
"spring-guides/gs-authenticating-ldap",41307530,5,"Gradle build script info is missing for this example","closed","https://github.com/spring-guides/gs-authenticating-ldap/issues/5","Improvement",1,0,1,"https://github.com/spring-guides/gs-centralized-configuration/commit/ac32d420e0f02fdaebd6b13f311d6419dcab7771"
"spring-guides/gs-rest-service-cors",270971172,15,"Screen shot is wrong","closed","https://github.com/spring-guides/gs-rest-service-cors/issues/15","Improvement",1,0,0,"https://github.com/spring-guides/gs-rest-service-cors/commit/cb50740c7d86d36265d1fcda441a57bf82e0ac82"
"spring-guides/gs-messaging-rabbitmq",23417724,3,"Remove ""Run the service"" section","closed","https://github.com/spring-guides/gs-messaging-rabbitmq/issues/3","Improvement",1,0,0,"https://github.com/spring-guides/gs-messaging-rabbitmq/commit/40322e0d9e32eab0b297064452f4cb2f96d4cb82"
"spring-guides/gs-validating-form-input",686152335,34,"Missing dependency `spring-boot-starter-validation`","closed","https://github.com/spring-guides/gs-validating-form-input/issues/34","Improvement",1,0,1,"https://github.com/spring-guides/gs-validating-form-input/commit/7b93c5fc006413fa54748a89782f52f9d7849606"
"spring-guides/gs-reactive-rest-service",362907346,7,"Broken Link for annotations","closed","https://github.com/spring-guides/gs-reactive-rest-service/issues/7","Improvement",1,0,0,"https://github.com/spring-guides/gs-reactive-rest-service/pull/16/commits/5a5446df58758f71a69fa298a93ce9a24332e939"
"spring-guides/gs-scheduling-tasks",137601703,8,"Missing testing example","closed","https://github.com/spring-guides/gs-scheduling-tasks/issues/8","Improvement",1,1,1,"https://github.com/spring-guides/gs-scheduling-tasks/commit/d60eab65369cc49e1a030691d09a013ce701cc23"
"spring-guides/gs-testing-web",556639020,18,"Missing example source code","closed","https://github.com/spring-guides/gs-testing-web/issues/18","Improvement",1,0,0,"https://github.com/spring-guides/gs-testing-web/commit/ebfb1f2a5372253d9a77f5d52ad8719f2c31c44f"
"spring-guides/gs-testing-web",176513769,3,"Missing complete/src/test/java/hello/SmokeTest.java","closed","https://github.com/spring-guides/gs-testing-web/issues/3","Improvement",0,1,0,"https://github.com/spring-guides/gs-testing-web/commit/352348c30729515b52123d7da339e98377a46be0"
"spring-guides/gs-serving-web-content",151007509,12,"Linkfix for thymeleaf link","closed","https://github.com/spring-guides/gs-serving-web-content/issues/12","Improvement",1,0,0,"https://github.com/spring-guides/gs-serving-web-content/commit/99a8bb77758a2d041bfadaaf6c8241fd59d27ae7"
"spring-guides/gs-securing-web",122921004,24,"@EnableWebMvcSecurity is deprecated","closed","https://github.com/spring-guides/gs-securing-web/issues/24","Improvement",0,1,0,"https://github.com/spring-guides/gs-securing-web/commit/c2ee2219ae94010090b377e247cb22780788fe26"
"spring-guides/gs-securing-web",34737980,12,"initial/pom.xml and complete/pom.xml are the same file","closed","https://github.com/spring-guides/gs-securing-web/issues/12","Improvement",0,0,1,"https://github.com/spring-guides/gs-securing-web/commit/7f3d65a928c951183c59833d76d0042408b6fc45"
"spring-guides/gs-securing-web",33686161,11,"Mention Spring Boot Security Defaults","closed","https://github.com/spring-guides/gs-securing-web/issues/11","Improvement",1,0,0,"https://github.com/spring-guides/gs-securing-web/commit/5b46cb9b131a0b32c224228db8099a63f8106b0a"
"spring-guides/gs-rest-service-cors",713691368,28,"Add how to change the port in Gradle to the README","closed","https://github.com/spring-guides/gs-rest-service-cors/issues/28","Improvement",1,0,0,"https://github.com/spring-guides/gs-rest-service-cors/pull/29/files"
"spring-guides/gs-rest-service-cors",54371545,4,"Remove unnecessary dependencies","closed","https://github.com/spring-guides/gs-rest-service-cors/issues/4","Improvement",0,0,1,"https://github.com/spring-guides/gs-rest-service-cors/commit/4e97a4299ba73adc3ef3f4752a9049a0b6c5f1bd"
"spring-guides/gs-multi-module",595811841,30,"Unable to run gradle build on application module in intellij Idea - Project with path ':library' could not be found","closed","https://github.com/spring-guides/gs-multi-module/issues/30","Improvement",1,0,1,"https://github.com/spring-guides/gs-multi-module/commit/c4d6efa9485c91e90443b4b1c05cd4315fc2f9ee"
"spring-guides/gs-multi-module",217462502,1,"The ""get started from scratch"" link does not work on the guide","closed","https://github.com/spring-guides/gs-multi-module/issues/1","Improvement",1,0,0,"https://github.com/spring-guides/gs-multi-module/commit/b37cbabf19217052b92eedd7b9f8e47e67d8a718"
"spring-guides/gs-messaging-stomp-websocket",327155730,45,"main.css 404","closed","https://github.com/spring-guides/gs-messaging-stomp-websocket/issues/45","Improvement",1,0,0,"https://github.com/spring-guides/gs-messaging-stomp-websocket/commit/227751c461eb94fef3973f9ae26dd49221151eaf"
"spring-guides/tut-rest",587859413,92,"warning: You aren't using a compiler supported by lombok, so lombok will not work and has been disabled.   Your processor is: org.gradle.api.internal.tasks.compile.processing.IncrementalProcessingEnvironment   Lombok supports: OpenJDK javac, ECJ","closed","https://github.com/spring-guides/tut-rest/issues/92","Improvement",1,1,1,"https://github.com/spring-guides/tut-rest/commit/1fbcbff897968a4e8cc47afb6f151a11d5445e4c"
"spring-guides/gs-spring-boot-docker",399814428,66,"Improve the note regarding the external volume for /tmp in the Dockerfile","closed","https://github.com/spring-guides/gs-spring-boot-docker/issues/66","Improvement",1,0,1,"https://github.com/spring-guides/gs-spring-boot-docker/commit/d1455081bfaad93d9e1fa8988c40d4614652f2b0"
"spring-guides/gs-maven",22390192,5,"Completed Pom has <build> section but not explained in tutorial.","closed","https://github.com/spring-guides/gs-maven/issues/5","Improvement",1,0,0,"https://github.com/spring-guides/gs-maven/commit/08f0b69b62a33b0e6f299f51bbb390546e81020b"
"spring-guides/gs-maven",23475516,6,"Final pom shade plugin clarification","closed","https://github.com/spring-guides/gs-maven/issues/6","Improvement",1,0,0,"https://github.com/spring-guides/gs-maven/commit/91d26f7e86b5cbf5649639e6e2e39e553b05b10b"
"spring-guides/gs-uploading-files",313443996,43,"Leak in 'complete' FileSystemStorageService.java (","closed","https://github.com/spring-guides/gs-uploading-files/issues/43","Improvement",0,1,0,"https://github.com/spring-guides/gs-uploading-files/commit/a0a08fde6e182d98b851c923518cce9addc19c4b"
"spring-guides/gs-rest-service",119060852,37,"Increase memory in manifest.yml to 256M.","closed","https://github.com/spring-guides/gs-rest-service/issues/37","Improvement",0,0,1,"https://github.com/spring-guides/gs-rest-service/commit/3df696381688c01bc02b6f576d1549a82cb64bf8"
"spring-guides/gs-spring-boot-docker",467085374,71,"Add a note about the effect on classpath ordering of exploding the jar","closed","https://github.com/spring-guides/gs-spring-boot-docker/issues/71","Improvement",1,0,0,"https://github.com/spring-guides/gs-spring-boot-docker/commit/181a26f2b28f6c274d45af43e2655a782bfc9869"
"spring-guides/gs-spring-boot-docker",351926788,56,"Processes In Containers Should Not Run As Root","closed","https://github.com/spring-guides/gs-spring-boot-docker/issues/56","Improvement",1,0,1,"https://github.com/spring-guides/gs-spring-boot-docker/pull/58/files"
"spring-guides/gs-spring-boot-docker",91855998,9,"Importing into STS shows 'no codesets'.","closed","https://github.com/spring-guides/gs-spring-boot-docker/issues/9","Improvement",0,0,1,"https://github.com/spring-guides/gs-spring-boot-docker/commit/080742761fb366a476a8f71886dd3adcfa973bc7"
"spring-guides/gs-uploading-files",226729155,37,"Unsecure file upload","closed","https://github.com/spring-guides/gs-uploading-files/issues/37","Improvement",0,1,0,"https://github.com/spring-guides/gs-uploading-files/commit/1abde1046a36f8a2de2997c8244495729c817449"
"spring-guides/gs-uploading-files",224598742,36,"java.nio.file.FileAlreadyExistsException: [target]","closed","https://github.com/spring-guides/gs-uploading-files/issues/36","Improvement",0,1,0,"https://github.com/spring-guides/gs-uploading-files/commit/1abde1046a36f8a2de2997c8244495729c817449"
"spring-guides/gs-uploading-files",203519649,34,"In Uploading Files guide <pre> tag with id=""code-block-2"" and id=""code-block-6"" are duplicate","closed","https://github.com/spring-guides/gs-uploading-files/issues/34","Improvement",1,0,0,"https://github.com/spring-guides/gs-uploading-files/commit/a9778d5fd7d6195a3595904385d0f9b65dd31aa3"
"spring-guides/gs-uploading-files",194402762,33,"Incorporate /storage into tutorial","closed","https://github.com/spring-guides/gs-uploading-files/issues/33","Improvement",1,0,0,"https://github.com/spring-guides/gs-uploading-files/commit/6da1d882c6a513612ad8c839a08341bcaea9f835"
"spring-guides/gs-uploading-files",169619627,29,"application.properties: needs to be migrated to Spring Boot 1.4 too","closed","https://github.com/spring-guides/gs-uploading-files/issues/29","Improvement",1,0,1,"https://github.com/spring-guides/gs-uploading-files/commit/e6c68ede96e6f0cc8fa9570baed297887159f572"
"spring-guides/gs-uploading-files",157443914,22,"Stream Close","closed","https://github.com/spring-guides/gs-uploading-files/issues/22","Improvement",1,1,1,"https://github.com/spring-guides/gs-uploading-files/commit/bc402eea88422278b51e3a4735be5ac371eab286"
"spring-guides/gs-uploading-files",52345361,11,"Text states that configured upload limit is 256KB but configuration sets the limit to 128KB","closed","https://github.com/spring-guides/gs-uploading-files/issues/11","Improvement",1,1,1,"https://github.com/spring-guides/gs-uploading-files/commit/862f636c7a88642658c68e000baa051ce4e75439"
"spring-guides/gs-uploading-files",52247302,9,"Add controller method that shows how to serve the uploaded files again","closed","https://github.com/spring-guides/gs-uploading-files/issues/9","Improvement",1,1,1,"https://github.com/spring-guides/gs-uploading-files/commit/bc402eea88422278b51e3a4735be5ac371eab2866"
"spring-guides/gs-uploading-files",28264276,4,"Limit upload size","closed","https://github.com/spring-guides/gs-uploading-files/issues/4","Improvement",0,1,0,"https://github.com/spring-guides/gs-uploading-files/commit/ca1e7c3e4cd957929ae6eb687e8b2a51cbc629e9"
"spring-guides/gs-multi-module",463756974,23,"The configuration used in this guide will not find repositories and entities defined in the library module","closed","https://github.com/spring-guides/gs-multi-module/issues/23","Improvement",1,0,0,"https://github.com/spring-guides/gs-multi-module/commit/1d226d71bc98ac4c6cf7a2809e6df19567b7bd06"
"spring-guides/gs-messaging-stomp-websocket",27440028,8,"Fix outdated gradle dependencies","closed","https://github.com/spring-guides/gs-messaging-stomp-websocket/issues/8","Improvement",0,0,1,"https://github.com/spring-guides/gs-messaging-stomp-websocket/commit/be03386efb38a2856873cdc78d66df23571478df"
"spring-guides/gs-messaging-stomp-websocket",23990428,3,"Use Tomcat 7.0.47 or higher","closed","https://github.com/spring-guides/gs-messaging-stomp-websocket/issues/3","Improvement",0,1,1,"https://github.com/spring-guides/gs-messaging-stomp-websocket/commit/4db466e4ccab67d1a9f4f0551868266a6bb1881a"
"spring-guides/gs-messaging-rabbitmq",561080729,29,"Wrong class link in the guide","closed","https://github.com/spring-guides/gs-messaging-rabbitmq/issues/29","Improvement",1,0,0,"https://github.com/spring-guides/gs-messaging-rabbitmq/commit/f7715676e13363bd8f210b6c956efb583df0d3b4"
"spring-guides/gs-messaging-rabbitmq",306458089,16,"Guide doesn't use the configured exchange/routing key","closed","https://github.com/spring-guides/gs-messaging-rabbitmq/issues/16","Improvement",1,1,0,"https://github.com/spring-guides/gs-messaging-rabbitmq/pull/17/commits/58630e7e0d9e2947211f03cf7b1d1e06608343c9"
"spring-guides/gs-messaging-rabbitmq",76106350,6,"Misleading Intro.","closed","https://github.com/spring-guides/gs-messaging-rabbitmq/issues/6","Improvement",1,0,0,"https://github.com/spring-guides/gs-messaging-rabbitmq/commit/ad1fcf37ea41c21253336f073a73cb58004c79d3"
"spring-guides/gs-messaging-jms",221762236,14,"Email pojo is not in guide","closed","https://github.com/spring-guides/gs-messaging-jms/issues/14","Improvement",1,0,0,"https://github.com/spring-guides/gs-messaging-jms/commit/5037c660385b43b25fd6803485caff7bc14c3be6"
"spring-guides/gs-messaging-jms",32057892,6,"Upgrade to latest ActiveMQ","closed","https://github.com/spring-guides/gs-messaging-jms/issues/6","Improvement",0,1,1,"https://github.com/spring-guides/gs-messaging-jms/pull/9/commits/33dcc2d2e10e329689501a89298912b60404c704?file-filters%5B%5D="
"spring-guides/gs-gradle",33422340,11,"Getting Started with Gradle guide does not run the application.","closed","https://github.com/spring-guides/gs-gradle/issues/11","Improvement",1,0,1,"https://github.com/spring-guides/gs-gradle/commit/ce017480b314bbdc1a3bed7727790ede47c46c8c"
"spring-guides/gs-gradle",27565528,7,"Explain how to change the name of the jar","closed","https://github.com/spring-guides/gs-gradle/issues/7","Improvement",1,0,1,"https://github.com/spring-guides/gs-gradle/commit/5158d50efdfe01cf418355031eb8e9f44f5f3dcf"
"spring-guides/gs-consuming-web-service",545720472,44,"Published guide has empty code blocks","closed","https://github.com/spring-guides/gs-consuming-web-service/issues/44","Improvement",1,0,1,"https://github.com/spring-guides/gs-consuming-web-service/commit/fc3658ad6473594db6a20d784a2429bdca7cf6c6"
"spring-guides/gs-consuming-web-service",107984010,9,"Find new public SOAP service","closed","https://github.com/spring-guides/gs-consuming-web-service/issues/9","Improvement",1,1,1,"https://github.com/spring-guides/gs-consuming-web-service/commit/a625386b76da56fb9adbe22bf56a75e6c41ffe30"
"spring-guides/gs-consuming-rest",107735304,13,"Guide doesn't work in a plain IDE due to the use of Lombok","closed","https://github.com/spring-guides/gs-consuming-rest/issues/13","Improvement",0,1,1,"https://github.com/spring-guides/gs-consuming-rest/commit/eb443a5d8d576af23a7b81b0f8461faa5ce3594e"
"spring-guides/gs-centralized-configuration",792609752,26,"The bootstrap phase is no longer enabled by default","closed","https://github.com/spring-guides/gs-centralized-configuration/issues/26","Improvement",1,0,1,"https://github.com/spring-guides/gs-centralized-configuration/commit/a0704e307c0344cdace697ec7f51e209c79c557b"
"spring-guides/gs-centralized-configuration",128097577,1,"Make it clearer that the config client is a separate application","closed","https://github.com/spring-guides/gs-centralized-configuration/issues/1","Improvement",1,0,0,"https://github.com/spring-guides/gs-centralized-configuration/commit/b3d4c4caafb94fa15dc66d571686004e81d2c07c"
"spring-guides/gs-authenticating-ldap",41307611,6,"broken links in the summary section","closed","https://github.com/spring-guides/gs-authenticating-ldap/issues/6","Improvement",1,0,0,"https://github.com/spring-guides/gs-authenticating-ldap/commit/63913dcc9a2a46cc2eb17855e75d7dbf1be72705"
"spring-guides/gs-accessing-data-jpa",22484297,6,"Clean up some of the language","closed","https://github.com/spring-guides/gs-accessing-data-jpa/issues/6","Improvement",1,0,0,"https://github.com/spring-guides/gs-accessing-data-jpa/commit/9bb0901aca57a925a46160e11baed9e8895fe2a0"
"spring-guides/gs-validating-form-input",213660290,19,"Missing XML Namespace?","closed","https://github.com/spring-guides/gs-validating-form-input/issues/19","Improvement",0,1,0,"https://github.com/spring-guides/gs-validating-form-input/commit/0f26b424e03efe32666f5d8d168de081009bb939"
"spring-guides/gs-validating-form-input",48254922,10,"Code of result.html isn't attached to guide page","closed","https://github.com/spring-guides/gs-validating-form-input/issues/10","Improvement",1,0,0,"https://github.com/spring-guides/gs-validating-form-input/commit/fd89558d5463d8bcb10b82b920f222a8885f11c1"
"spring-guides/gs-rest-hateoas",516865341,24,"Dead/incorrect links in the tutorial","closed","https://github.com/spring-guides/gs-rest-hateoas/issues/24","Improvement",1,0,0,"https://github.com/spring-guides/gs-rest-hateoas/commit/04cdeb0f1dbf60efb1b1a467ccde3c5c5fe0d46c"
"spring-guides/gs-reactive-rest-service",804338953,20,"Broken build sections","closed","https://github.com/spring-guides/gs-reactive-rest-service/issues/20","Improvement",1,0,1,"https://github.com/spring-guides/gs-reactive-rest-service/commit/e90b5dcccbdc2ba2184f5811e238935763ec16caa"
"spring-guides/gs-reactive-rest-service",298084857,2,"Test always succeeds","closed","https://github.com/spring-guides/gs-reactive-rest-service/issues/2","Improvement",0,1,0,"https://github.com/spring-guides/gs-reactive-rest-service/commit/7ed9cb9797de9a67e12f8070472017dab434c9ef"
"spring-guides/gs-integration",162666870,13,"Guide asks to create wrong directory","closed","https://github.com/spring-guides/gs-integration/issues/13","Improvement",1,1,1,"https://github.com/spring-guides/gs-integration/commit/7cced9598419b640b306b77c03452be2af4ddcad"
"spring-guides/gs-integration",113122710,11,"System.in does not pause","closed","https://github.com/spring-guides/gs-integration/issues/11","Improvement",0,0,1,"https://github.com/spring-guides/gs-integration/pull/12/commits/84fce872b8acc69cb68cb69a26773e459f62854e"
"spring-guides/gs-gateway",486280382,7,"spring-cloud.version Greenwich.SR1 is not matching springboot 2.1.6.RELEASE","closed","https://github.com/spring-guides/gs-gateway/issues/7","Improvement",0,0,1,"https://github.com/spring-guides/gs-gateway/commit/589be3dd3e79ad267f600226eba04ea9eedd5b71"
"spring-guides/gs-accessing-data-mongodb",23935630,4,"Misspelling in pom.xml artifactId","closed","https://github.com/spring-guides/gs-accessing-data-mongodb/issues/4","Improvement",0,0,1,"https://github.com/spring-guides/gs-accessing-data-mongodb/commit/be5d9d862fa9b4126df995554ee03e5234e00e8f"
"spring-guides/tut-spring-boot-oauth2",485426490,109,"Update Formatting to Use One Sentence Per Line","closed","https://github.com/spring-guides/tut-spring-boot-oauth2/issues/109","Improvement",1,0,0,"https://github.com/spring-guides/tut-spring-boot-oauth2/pull/110/commits/32ac726d5cf39cfee6dc6f115fbda926b43e2ec4?file-filters%5B%5D="
"spring-guides/tut-spring-boot-oauth2",200930487,44,"In tutorial article, token services don't use the oAuth2RestTemplate","closed","https://github.com/spring-guides/tut-spring-boot-oauth2/issues/44","Improvement",1,1,0,"https://github.com/spring-guides/tut-spring-boot-oauth2/commit/ae76b52d524f904bb931d58e53b6de27c40f0415"
"spring-guides/tut-spring-boot-oauth2",142058762,11,"Example with multiple OAuth providers fails if providers require AuthenticationScheme.query","closed","https://github.com/spring-guides/tut-spring-boot-oauth2/issues/11","Improvement",0,1,0,"https://github.com/spring-guides/tut-spring-boot-oauth2/commit/8e7ab890330db4f6633e052ed1b8625b9475ab66"
"spring-guides/tut-spring-boot-oauth2",150616924,14,"BadCredentialException in client application","closed","https://github.com/spring-guides/tut-spring-boot-oauth2/issues/14","Modification",1,0,1,"https://github.com/spring-guides/tut-spring-boot-oauth2/commit/cdca246570885dee56bb08231475012d5a49f4d1"
"spring-guides/gs-scheduling-tasks",36350477,6,"Cannot autowire mongoRepositories inside the ScheduledTasks component","closed","https://github.com/spring-guides/gs-scheduling-tasks/issues/6","Modification",1,0,0,"https://github.com/spring-guides/gs-scheduling-tasks/commit/b001af2eaf9efd5d70f806767073b78f71f0ec19"
"spring-guides/gs-serving-web-content",27611362,7,"Can't upgrade to Spring Boot 1.0.0.RC3","closed","https://github.com/spring-guides/gs-serving-web-content/issues/7","Modification",0,0,1,"https://github.com/spring-guides/gs-serving-web-content/commit/73e0f9d3be2a69a4af1bcc61b34c4711b98f36d8"
"spring-guides/gs-service-registration-and-discovery",168717309,1,"Error when updating to 1.4 of Starter-Parent / Updating spring cloud dep to brixton","closed","https://github.com/spring-guides/gs-service-registration-and-discovery/issues/1","Modification",0,0,1,"https://github.com/spring-guides/gs-service-registration-and-discovery/commit/303043d1ff1d5b0d03606ddc2f9f3fabf21f3b23"
"spring-guides/gs-securing-web",27611337,9,"Unable to upgrade to Boot 1.0.0.RC3","closed","https://github.com/spring-guides/gs-securing-web/issues/9","Modification",1,0,1,"https://github.com/spring-guides/gs-securing-web/commit/193f55ada1b501b123289d2947bc81a27dbc506cc"
"spring-guides/gs-messaging-stomp-websocket",27790806,10,"Upgrade to latest stomp.js and correct example on how to connect","closed","https://github.com/spring-guides/gs-messaging-stomp-websocket/issues/10","Modification",0,1,0,"https://github.com/spring-guides/gs-messaging-stomp-websocket/commit/227751c461eb94fef3973f9ae26dd49221151eaff"
"spring-guides/gs-serving-web-content",125020008,10,"missing spring.thymeleaf.cache=false","closed","https://github.com/spring-guides/gs-serving-web-content/issues/10","Modification",1,0,1,"https://github.com/spring-guides/gs-serving-web-content/commit/d050ba60ca1046633cd7a7b83bb7fc515068fc46"
"spring-guides/gs-consuming-web-service",547197636,45,"Sample doesn't run under Java 11","closed","https://github.com/spring-guides/gs-consuming-web-service/issues/45","Modification",0,0,1,"https://github.com/spring-guides/gs-consuming-web-service/commit/f05716250937d5cf9129603db08e289e77affcea"
"spring-guides/tut-spring-boot-oauth2",219089716,52,"Server fails to start at ""Testing the OAuth2 Client"" part of tutorial","closed","https://github.com/spring-guides/tut-spring-boot-oauth2/issues/52","Modification",1,0,0,"https://github.com/spring-guides/tut-spring-boot-oauth2/pull/54/commits/c569ad52c1a74eecaba52d684ef557efdaa4c2a3"
"spring-guides/tut-spring-boot-oauth2",207403622,45,"auth-server example fails for spring boot 1.5.1.RELEASE","closed","https://github.com/spring-guides/tut-spring-boot-oauth2/issues/45","Modification",0,1,1,"https://github.com/spring-guides/tut-spring-boot-oauth2/commit/0c12b2b278d4b9c74f9ba587e468546c42cbeb2e"
"spring-guides/tut-rest",313715149,52,"newer version","closed","https://github.com/spring-guides/tut-rest/issues/52","Question",1,1,1,"https://github.com/spring-guides/tut-rest/commit/7f3644ea186e5fa5db6312af00f926e273384125"
"spring-guides/gs-spring-boot",376767423,55,"Where to put the application.properties file","closed","https://github.com/spring-guides/gs-spring-boot/issues/55","Question",1,0,0,"https://github.com/spring-guides/gs-spring-boot/commit/6dbc22770a66e118a5a0d230e97fda27985cd3db"
"spring-guides/gs-actuator-service",32210936,6,"Jackson 2 is on the classpath?","closed","https://github.com/spring-guides/gs-actuator-service/issues/6","Question",1,0,0,"https://github.com/spring-guides/gs-actuator-service/commit/b4ce5fc20644771aea5f04fd12fca06160349b74"
"spring-guides/gs-authenticating-ldap",57858293,8,"Java 8 Support","closed","https://github.com/spring-guides/gs-authenticating-ldap/issues/8","Question",1,1,1,"https://github.com/spring-guides/gs-authenticating-ldap/commit/5d5348f01374712d629d1d509983630f2745d84c"
"spring-guides/gs-messaging-rabbitmq",48358098,4,"Not acknowledging receive","closed","https://github.com/spring-guides/gs-messaging-rabbitmq/issues/4","Question",1,1,0,"https://github.com/spring-guides/gs-messaging-rabbitmq/commit/8bcae5eb390929e0a8f78fc58077376c1fb594b6"
"spring-guides/gs-uploading-files",124251764,19,"MultipartFile.transferTo(File) vs. I/O loop","closed","https://github.com/spring-guides/gs-uploading-files/issues/19","Question",0,1,1,"https://github.com/spring-guides/gs-uploading-files/commit/c536c798df41a716ea17444ae99923b75a08ca61"
"spring-guides/tut-spring-boot-oauth2",153666093,16,"missing code in spring tutorial authorization server","closed","https://github.com/spring-guides/tut-spring-boot-oauth2/issues/16","Question",1,0,0,"https://github.com/spring-guides/tut-spring-boot-oauth2/commit/bc97cbd742b784e507ef161fa8cca372adf7701c"
"spring-guides/tut-rest",579441327,91,"415 when attempting to post json object","closed","https://github.com/spring-guides/tut-rest/issues/91","Running",1,0,0,"https://github.com/spring-guides/tut-rest/commit/c16dd7c42e830d1b170dead2c45526cb3e20e559"
"spring-guides/gs-crud-with-vaadin",364815915,17,"Application failed to start","closed","https://github.com/spring-guides/gs-crud-with-vaadin/issues/17","Running",0,0,1,"https://github.com/spring-guides/gs-crud-with-vaadin/commit/851643493dffc071c3c5181d6566c3d44eb89452"
"spring-guides/gs-authenticating-ldap",40041479,4,"Null Pointer on Startup","closed","https://github.com/spring-guides/gs-authenticating-ldap/issues/4","Running",0,1,0,"https://github.com/spring-guides/gs-securing-web/commit/134efa3345e4839852aa8950782aa74976959498"
"spring-guides/gs-validating-form-input",26841015,5,"Guide is broken","closed","https://github.com/spring-guides/gs-validating-form-input/issues/5","Running",1,0,1,"https://github.com/spring-guides/gs-validating-form-input/commit/41b886da4457e8699360dae40c18fd218672bfcc"
"spring-guides/gs-reactive-rest-service",307702822,5,"Failed to handle request [GET http://127.0.0.1:8080/greeting]: Response status 404","closed","https://github.com/spring-guides/gs-reactive-rest-service/issues/5","Running",1,0,0,"https://github.com/spring-guides/gs-reactive-rest-service/commit/fc4d632078498e6af23d65926852b517a8a2fa73"
"spring-guides/gs-integration",172138583,14,"SAXParseException when running the project with Spring Boot 1.4.0","closed","https://github.com/spring-guides/gs-integration/issues/14","Running",0,0,1,"https://github.com/spring-guides/gs-integration/pull/15/commits/acf316a0ff5e0777a95896f125f27e3a8967169d"
"spring-guides/gs-batch-processing",60138122,8,"When running the tutorial, SELECT from the database happens before INSERT","closed","https://github.com/spring-guides/gs-batch-processing/issues/8","Running",1,1,0,"https://github.com/spring-guides/gs-batch-processing/commit/06a705e08b635650f963bb766276800c7905cea7"
"spring-guides/tut-spring-boot-oauth2",177021850,37,"At the ""Logout"" stage, the instructions don't match the code.","closed","https://github.com/spring-guides/tut-spring-boot-oauth2/issues/37","Running",1,0,0,"https://github.com/spring-guides/tut-spring-boot-oauth2/commit/1d29b2ed286bbfb14a641fbecbfabfedcc23c618"
"spring-guides/gs-centralized-configuration",207662748,5,"POST to http://localhost:8080/refresh results in 401 Unauthorized","closed","https://github.com/spring-guides/gs-centralized-configuration/issues/5","Running",1,0,1,"https://github.com/spring-guides/gs-centralized-configuration/commit/ac32d420e0f02fdaebd6b13f311d6419dcab7771"
"spring-guides/tut-rest",46679863,2,"Running security version doesn't grant me access","closed","https://github.com/spring-guides/tut-rest/issues/2","Running",0,1,1,"https://github.com/spring-guides/tut-rest/commit/828590b42a2b536463850d8f98f7d98ff3ee8827"
"spring-guides/gs-consuming-web-service",550123213,46,"Sample built with Gradle doesn't run with ""java -jar"" on Java 11","closed","https://github.com/spring-guides/gs-consuming-web-service/issues/46","Running",0,0,1,"https://github.com/spring-guides/gs-consuming-web-service/commit/39a509089c09d45833b112b6b2e9199f36449910"
"spring-guides/gs-serving-web-content",361359428,26,"Circular view path [greeting]: would dispatch back to the current handler URL [/greeting] again.","closed","https://github.com/spring-guides/gs-serving-web-content/issues/26","Running",1,0,0,"https://github.com/spring-guides/gs-serving-web-content/commit/8ca5fdf72e4f7913608339c778f4083b56f83159"
"spring-guides/gs-uploading-files",164231360,28,"download as files (or problem with binaries)","closed","https://github.com/spring-guides/gs-uploading-files/issues/28","Running",1,1,1,"https://github.com/spring-guides/gs-uploading-files/pull/30/commits/f60289da326c5f88e2fa9d4a834146c281393626"
"spring-guides/gs-crud-with-vaadin",487861203,42,"Unable to determine mode of operation","closed","https://github.com/spring-guides/gs-crud-with-vaadin/issues/42","Running",1,0,1,"https://github.com/spring-guides/gs-crud-with-vaadin/commit/1e4fb149316b780a7d169a1d351d94710e2aae39"
"spring-guides/gs-consuming-web-service",295467464,27,"WSDL returning no data","closed","https://github.com/spring-guides/gs-consuming-web-service/issues/27","Running",1,1,1,"https://github.com/spring-guides/gs-consuming-web-service/commit/9b651afbcb36611273dd59344bc429e60a3b1985"
"spring-guides/gs-consuming-web-service",112967782,13,"Error creating bean with name 'messageConverters' while running the application","closed","https://github.com/spring-guides/gs-consuming-web-service/issues/13","Running",0,0,1,"https://github.com/spring-guides/gs-consuming-web-service/commit/f6f39a953ee1605573b70a61e6346b136ebce4f3"
"spring-guides/gs-consuming-web-service",37048668,2,"Error occur when execute example with mvn: Unable to start embedded container;","closed","https://github.com/spring-guides/gs-consuming-web-service/issues/2","Running",1,0,1,"https://github.com/spring-guides/gs-consuming-web-service/commit/0619b59d3047772a156d822c034b6b551959bc2b"
"spring-guides/gs-consuming-rest",178822613,19,"Can't run the sample with no error","closed","https://github.com/spring-guides/gs-consuming-rest/issues/19","Running",1,0,0,"https://github.com/spring-guides/gs-consuming-rest/commit/b0cb78bd43b5e76c1954b74bdb4b9ff55fce4cdd"
"spring-guides/gs-consuming-rest",89932945,10,"Facebook URL isn't working as of now","closed","https://github.com/spring-guides/gs-consuming-rest/issues/10","Running",1,1,1,"https://github.com/spring-guides/gs-consuming-rest/commit/9e8aff7b303e9bdd59dad2ac629f79957c3ce29a"
"spring-guides/gs-centralized-configuration",308355689,7,"In spring cloud client when refresh method is posted (http://localhost:8080/refresh) got below error message","closed","https://github.com/spring-guides/gs-centralized-configuration/issues/7","Running",1,0,1,"https://github.com/spring-guides/gs-centralized-configuration/commit/4f9ea966ab93b34a912b8114a87969c353565ba9"
"spring-guides/gs-centralized-configuration",202756821,4,"Spring Cloud version in text is wrong (old)","closed","https://github.com/spring-guides/gs-centralized-configuration/issues/4","Running",1,0,1,"https://github.com/spring-guides/gs-centralized-configuration/commit/b04581d63e0f9a359a5e2daeada4ee4baae55ee6"
"spring-guides/gs-rest-hateoas",35794388,3,"Links switched to hal format","closed","https://github.com/spring-guides/gs-rest-hateoas/issues/3","Running",1,0,0,"https://github.com/spring-guides/gs-rest-hateoas/commit/9e5f6cac6617beb790adeb8a8e59c2cf0ec845b6"
"spring-guides/tut-spring-boot-oauth2",311125445,74,"Login links always showing in github module","closed","https://github.com/spring-guides/tut-spring-boot-oauth2/issues/74","Running",0,1,0,"https://github.com/spring-guides/tut-spring-boot-oauth2/commit/876680dcb4102dc9dcddee9c3635aac3b675893f"
"spring-guides/gs-crud-with-vaadin",704882020,66,"run.sh script should use maven wrapper","closed","https://github.com/spring-guides/gs-crud-with-vaadin/issues/66","Improvement",0,0,1,"https://github.com/spring-guides/gs-crud-with-vaadin/commit/148f7550829dcbc2b0a454e91e87547a2cb9065a"
"spring-guides/gs-producing-web-service",551850030,28,"Describe that an  explicit XSD file location is required in maven to generate source files","closed","https://github.com/spring-guides/gs-producing-web-service/issues/28","Improvement",0,0,1,"https://github.com/spring-guides/gs-producing-web-service/commit/7cb1d60583da33aae0ebbc6a62a0bc770467dfd8"
"spring-guides/gs-messaging-rabbitmq",20051336,2,"FIx this guide so it properly configures a queue, exchange, and binding","closed","https://github.com/spring-guides/gs-messaging-rabbitmq/issues/2","Improvement",1,1,0,"https://github.com/spring-guides/gs-messaging-rabbitmq/commit/dfa2edf564b5941433584365aa96f1355ea8a23e

https://github.com/spring-guides/gs-messaging-rabbitmq/commit/7af6f601f0fbba5d362c49c2c6e99218997b0cb3"
"spring-guides/gs-messaging-jms",846859058,30,"Guide page not rendering properly on spring getting started page","closed","https://github.com/spring-guides/gs-messaging-jms/issues/30","Improvement",1,0,1,"https://github.com/spring-guides/gs-messaging-jms/commit/ff1feb6321f3a73abf983993b8b0bbb163169761

https://github.com/spring-guides/gs-messaging-jms/commit/9c0fac9bd0218c936e5969bbd1c86215b1482d94"
"spring-guides/gs-gradle",34580561,13,"Guide has inconsistent behavior","closed","https://github.com/spring-guides/gs-gradle/issues/13","Importing",1,0,1,"https://github.com/spring-guides/gs-gradle/commit/ce017480b314bbdc1a3bed7727790ede47c46c8cc"
"spring-guides/gs-centralized-configuration",360621969,11,"management.security.enabled=false deprecated","closed","https://github.com/spring-guides/gs-centralized-configuration/issues/11","Improvement",0,0,1,"https://github.com/spring-guides/gs-centralized-configuration/commit/ad915c2d8634e6b5d099c64615f4908589166736"
"spring-guides/gs-authenticating-ldap",97408717,10,"Use @EnableWebSecurity instead of deprected @EnableWebMvcSecurity.","closed","https://github.com/spring-guides/gs-authenticating-ldap/issues/10","Improvement",1,1,1,"https://github.com/spring-guides/gs-authenticating-ldap/commit/e2bee44edfbaa38434b592e45f12c3f70646f046"
"spring-guides/gs-authenticating-ldap",32103618,3,"Authentication enabled too early in guide","closed","https://github.com/spring-guides/gs-authenticating-ldap/issues/3","Improvement",1,0,1,"https://github.com/spring-guides/gs-authenticating-ldap/commit/83947274c2114b7e00658ddb9d9ade019fadb2f5"
"spring-guides/gs-accessing-data-rest",202565829,11,"cURL POST command does not work on Windows Command Prompt because single quotes are used","closed","https://github.com/spring-guides/gs-accessing-data-rest/issues/11","Improvement",1,0,0,"https://github.com/spring-guides/tut-react-and-spring-data-rest/pull/39/commits/6304d5c8e5af91b25df747fe9ee61b9357d05702?file-filters%5B%5D="
"spring-guides/gs-accessing-data-rest",28426768,1,"Correct rel used for a collection resource after upgrade to SD REST 2.0.1","closed","https://github.com/spring-guides/gs-accessing-data-rest/issues/1","Improvement",1,0,1,"https://github.com/spring-guides/gs-accessing-data-rest/commit/0230ae0744235e8635d9245619da91c02a8b11fa"
"spring-guides/gs-accessing-data-mysql",314430465,11,"not able to connect to db","closed","https://github.com/spring-guides/gs-accessing-data-mysql/issues/11","Question",1,0,0,"https://github.com/spring-guides/gs-accessing-data-mysql/commit/c4a33825aa092eedce6591f1cabf2dfa062b2d50"
"spring-guides/gs-batch-processing",644944684,40,"Use SpringApplication.exit and System.exit to ensure that the JVM exits upon job completion","closed","https://github.com/spring-guides/gs-batch-processing/issues/40","Improvement",1,1,0,"https://github.com/spring-guides/gs-batch-processing/pull/41/commits/12c370196a2db1717a32144f6b1923d9dd242c09?file-filters%5B%5D="
"spring-guides/gs-batch-processing",86761694,10,"Add clarification about s1 argument in importUserJob","closed","https://github.com/spring-guides/gs-batch-processing/issues/10","Improvement",1,0,0,"https://github.com/spring-guides/gs-batch-processing/commit/e9b154861dc1f3d6dc79c52aef648c315b111b06"
"spring-guides/gs-async-method",37987092,2,"Page http://graph.facebook.com/GoPivotal is invalid","closed","https://github.com/spring-guides/gs-async-method/issues/2","Improvement",1,1,0,"https://github.com/spring-guides/gs-async-method/commit/f08ab5360d5492999ff2b9e597f02f36ac99d48b"
"spring-guides/gs-actuator-service",36126674,8,"User needs to delete HelloWorldConfiguration","closed","https://github.com/spring-guides/gs-actuator-service/issues/8","Importing",1,1,0,"https://github.com/spring-guides/gs-actuator-service/commit/b8d42c1481c759279327c046a2849df075d41b6f"
"spring-guides/gs-accessing-data-neo4j",35581228,9,"App fails to start when launched with mvn spring-boot:run","closed","https://github.com/spring-guides/gs-accessing-data-neo4j/issues/9","Running",0,1,1,"https://github.com/spring-guides/gs-accessing-data-neo4j/commit/9493ebec7813a6828cf629d9f2025143413e86aa"
"spring-guides/gs-accessing-data-neo4j",21699583,3,"Unable to resolve some dependencies","closed","https://github.com/spring-guides/gs-accessing-data-neo4j/issues/3","Importing",0,0,1,"https://github.com/spring-guides/gs-accessing-data-neo4j/commit/27a141bde35f1c511a23bcabdbe35d6b8b86afdc"
"spring-guides/gs-accessing-data-mongodb",60205835,11,"Add a not on the default MongoDB connection mechanism","closed","https://github.com/spring-guides/gs-accessing-data-mongodb/issues/11","Improvement",1,0,0,"https://github.com/spring-guides/gs-accessing-data-mongodb/commit/2258b0db15cb8419e892c3aca670248ad80af886"
