framework,path,question_id,answer_id,answer_score,answer_creation_date,answer_owner_id,answer_owner_reputation,answer_owner_creation_date,answer_owner_tags
Android,googlesamples/easypermissions,43123650,43127589,9,2017-03-30 16:19:16,4224497,2126,2014-11-06 17:32:45,javascript;node.js;chart.js;android;google-apps-script;
Android,googlesamples/easypermissions,43123650,43166595,9,2017-04-02 05:08:19,1702592,2536,2012-09-27 03:56:04,angular;angular5;typescript;macos;homebrew;
Android,googlesamples/easypermissions,55356854,55381968,0,2019-03-27 12:18:57,5069561,131,2015-07-01 08:15:45,android;android-button;material-design;material-components;material-components-android;
Android,googlesamples/easypermissions,55356854,55357095,1,2019-03-26 08:23:52,7530555,601,2017-02-07 15:42:15,android;android-fragments;kotlin;java;navigation;
Android,googlesamples/easypermissions,40161547,50058200,6,2018-04-27 04:18:58,7239870,1779,2016-12-02 03:49:08,android;dagger-2;debugging;runtime;android-studio;
Android,googlesamples/easypermissions,40161547,40162930,3,2016-10-20 16:27:17,4665938,2376,2015-03-13 02:10:19,android;java;android-recyclerview;android-animation;android-fragments;
Android,googlesamples/easypermissions,38817578,48323229,2,2018-01-18 11:08:51,762424,413,2011-05-20 05:00:26,android;crashlytics;c;permissions;tiff;
Android,googlesamples/easypermissions,38817578,38817723,5,2016-08-07 15:26:04,115145,858813,2009-05-31 12:20:08,android;java;android-intent;android-studio;android-fragments;
Android,googlesamples/easypermissions,47221116,47222643,1,2017-11-10 09:18:49,206885,1437,2009-11-09 10:21:17,android;animation;android-animation;ios;swift;
Android,googlesamples/easypermissions,44224335,44242105,1,2017-05-29 08:07:07,3172844,1363,2014-01-08 07:36:34,android;android-toolbar;toolbar;android-scrollview;coordinator-layout;
Android,googlesamples/android-testing,60439652,60458156,0,2020-02-28 15:31:05,2278333,39,2013-04-13 17:00:09,java;svn;graphics;tortoisesvn;android;
Android,googlesamples/android-testing,32872608,55932787,0,2019-05-01 03:13:57,6678991,3614,2016-08-04 12:01:55,android;gradle;android-gradle-plugin;kotlin;flutter;
Android,googlesamples/android-testing,53577274,55461368,2,2019-04-01 14:24:38,6248208,1017,2016-04-24 13:29:43,android;unit-testing;android-livedata;android-gradle-plugin;android-notifications;
Android,googlesamples/android-testing,53638074,53638529,0,2018-12-05 15:24:54,2663916,1040,2013-08-08 05:49:10,android;layout;preference;customizing;preferencescreen;
Android,googlesamples/android-testing,38296278,52598661,0,2018-10-01 16:46:05,3977935,767,2014-08-26 03:23:52,android;enums;java;junit;unit-testing;
Android,googlesamples/android-testing,38296278,44517522,2,2017-06-13 05:29:37,245966,26262,2010-01-07 19:05:30,javascript;node.js;npm;git;google-chrome;
Android,googlesamples/android-testing,38296278,38297529,5,2016-07-10 20:08:45,5842844,1714,2016-01-26 14:16:51,android;java;flutter;android-studio;android-gradle-plugin;
Android,googlesamples/android-testing,50123177,52465678,0,2018-09-23 07:32:20,6135058,557,2016-03-30 09:43:59,java;encryption;rsa;android;adb;
Android,googlesamples/android-testing,50123177,50204169,0,2018-05-06 16:19:35,2719875,12609,2013-08-26 21:41:54,django;python;django-rest-framework;virtual-machine;serialization;
Android,googlesamples/android-testing,50123177,50185213,0,2018-05-04 22:45:38,5492419,1,2015-10-27 04:16:56,
Android,googlesamples/android-testing,50123177,50134661,3,2018-05-02 08:27:43,9563687,143,2018-03-28 07:17:54,android-glide;android;android-studio;build.gradle;android-gradle-plugin;
Android,googlesamples/android-testing,41623247,41623606,12,2017-01-12 18:51:20,170451,6339,2009-09-08 17:17:09,typescript;java;android;gradle;android-espresso;
Android,googlesamples/android-testing,37738432,37769057,0,2016-06-11 18:33:20,398348,2373,2010-07-21 14:49:58,android;javafx-2;linux;embedded-linux;serialization;
Android,googlesamples/android-testing,35664198,35708297,2,2016-02-29 15:47:26,3071350,1504,2013-12-05 14:25:06,amazon-web-services;amazon-s3;android;amazon-ec2;amazon-dynamodb;
Android,googlesamples/android-credentials,34334069,47978504,3,2017-12-26 09:13:38,1795683,166,2012-11-02 20:27:27,android;android-custom-view;android-view;android-bitmap;android-googleapiclient;
Android,googlesamples/android-credentials,34334069,34540704,1,2015-12-31 00:41:50,355099,3422,2010-06-01 01:56:14,google-smartlockpasswords;android;google-signin;google-play-services;credentials;
Android,googlesamples/android-credentials,50758822,53612896,-1,2018-12-04 09:22:21,10427582,430,2018-09-28 01:01:03,react-native;android;javascript;mobile-application;remote-notifications;
Android,googlesamples/android-credentials,50758822,53420748,0,2018-11-21 18:32:24,7702345,157,2017-03-13 06:09:15,javascript;fetch;cors;reactjs;redux;
Android,googlesamples/android-credentials,50758822,50759740,10,2018-06-08 07:33:00,2260963,5205,2013-04-09 05:11:09,android;adb;user-data;gradle;android-studio;
Android,googlesamples/android-credentials,50758822,50758940,1,2018-06-08 06:46:20,6176003,1529,2016-04-08 03:41:41,android;android-gradle-plugin;android-studio;shapes;android-drawable;
Android,googlesamples/android-credentials,35636078,40346843,0,2016-10-31 13:56:40,838411,61,2011-07-11 03:21:53,android;android-activity;
Android,googlesamples/android-credentials,35636078,35846721,3,2016-03-07 10:50:52,2051363,979,2013-02-07 12:34:23,android;android-layout;android-gradle-plugin;android-fragments;javascript;
Android,googlesamples/android-credentials,33907279,33907417,7,2015-11-24 23:13:33,1481500,1435,2012-06-25 22:27:09,android;google-play-services;google-smartlockpasswords;amazon-dynamodb;autofocus;
Android,googlesamples/android-credentials,33926977,33927239,0,2015-11-25 19:08:34,5301589,186,2015-09-04 12:50:36,android;imageview;scaletype;android-layout;android-volley;
Android,googlesamples/android-instant-apps,57778716,57795409,1,2019-09-04 16:44:53,1324802,3025,2012-04-10 14:26:21,android;admob;firebase-remote-config;shared;preferences;
Android,googlesamples/android-instant-apps,44497929,52966077,12,2018-10-24 05:56:07,10551193,368,2018-10-24 05:52:27,android;google-console-developer;android-instant-apps;ionic-framework;http;
Android,googlesamples/android-instant-apps,44497929,52672609,0,2018-10-05 16:02:10,8656558,17,2017-09-22 10:53:54,java;regex;
Android,googlesamples/android-instant-apps,44497929,52252581,0,2018-09-10 02:59:35,5509471,11,2015-10-31 03:16:38,java;android;android-instant-apps;
Android,googlesamples/android-instant-apps,44497929,48366176,1,2018-01-21 08:16:39,7429014,139,2017-01-17 04:09:11,android;android-instant-apps;dictionary;bundle;intentfilter;
Android,googlesamples/android-instant-apps,44497929,45713429,1,2017-08-16 08:22:58,6744947,181,2016-08-22 14:56:14,android;xamarin.android;android-instant-apps;xamarin.forms;size;
Android,googlesamples/android-instant-apps,44497929,44505597,3,2017-06-12 13:40:20,3752244,3844,2014-06-18 07:20:46,android;android-studio;google-play;icons;android-actionbar;
Android,googlesamples/android-instant-apps,44497929,44522144,2,2017-06-13 08:54:39,2657153,653,2013-08-06 10:14:46,android;android-instant-apps;flutter;android-gradle-plugin;android-build;
Android,googlesamples/android-instant-apps,50362528,50389268,2,2018-05-17 06:32:15,2553048,1147,2013-07-05 04:49:34,android;encryption;kotlin;banner;admob;
Android,googlesamples/android-nearby,53635269,55684033,-1,2019-04-15 03:06:37,3751576,822,2014-06-18 04:15:08,android-studio;android;java;email;javamail;
Android,googlesamples/android-nearby,53635269,54059069,0,2019-01-06 03:02:57,8391709,84,2017-07-31 00:27:21,php;codeigniter;validation;duplicates;kotlin;
Android,googlesamples/android-nearby,53031435,53047949,1,2018-10-29 10:44:23,5328680,1743,2015-09-12 10:52:16,android;java;angular;android-studio;javascript;
Android,googlesamples/android-nearby,43821919,50422656,0,2018-05-19 02:56:37,807126,169791,2011-06-20 13:45:35,firebase;google-cloud-firestore;google-cloud-functions;android;javascript;
Android,googlesamples/android-nearby,43821919,48640459,0,2018-02-06 07:13:09,9243376,1,2018-01-20 04:08:18,
Android,googlesamples/android-nearby,43821919,43830812,1,2017-05-07 07:16:07,6377072,41,2016-05-24 11:48:50,iphone;fonts;ios;android;google-play;
Android,googlesamples/android-nearby,43300273,44943426,1,2017-07-06 04:19:32,3643,406,2008-08-29 12:45:58,java;google-nearby;eclipse;debugging;android;
Android,googlesamples/android-nearby,36354383,41591861,1,2017-01-11 10:10:29,5598010,105,2015-11-24 02:01:29,android;reflection;root;google-play-services;eddystone;
Android,googlesamples/android-nearby,38787400,38801309,0,2016-08-06 02:35:30,5679277,234,2015-12-14 16:03:24,google-nearby;android;android-notifications;ibeacon;google-nearby-messages;
Android,googlesamples/android-nearby,35699359,35712147,1,2016-02-29 19:54:01,5338753,136,2015-09-15 11:46:35,google-nearby;android;publish-subscribe;eddystone;android-ibeacon;
Android,googlesamples/android-nearby,36481333,37015138,0,2016-05-03 18:02:48,5338753,136,2015-09-15 11:46:35,google-nearby;android;publish-subscribe;eddystone;android-ibeacon;
Android,googlesamples/android-nearby,36481333,36491011,1,2016-04-07 23:29:08,4625829,30386,2015-03-02 22:06:48,firebase-cloud-messaging;firebase;android;google-cloud-messaging;push-notification;
Android,googlesamples/android-nearby,33763874,33923113,0,2015-11-25 14:41:51,2754856,1389,2013-09-06 11:11:25,android;eclipse;gradle;android-logcat;android-studio;
Android,googlesamples/android-nearby,33763874,33814158,1,2015-11-19 17:52:41,63814,4519,2009-02-08 02:29:07,c++;arrays;data-structures;graph-theory;graph;
Android,googlesamples/android-AppUsageStatistics,53239749,53246941,0,2018-11-11 05:14:35,4304446,116,2014-11-28 13:52:26,android;kotlin;android-room;android-livedata;
Android,googlesamples/android-play-billing,58305521,62412790,0,2020-06-16 12:04:02,11135438,41,2019-03-01 06:15:35,colors;fragment;android-dialogfragment;android-statusbar;java;
Android,googlesamples/android-play-billing,58305521,58305647,0,2019-10-09 09:46:22,4716694,5175,2015-03-26 09:35:39,android;android-gradle-plugin;google-play-services;android-studio;gradle;
Android,googlesamples/android-play-billing,58305521,58305609,2,2019-10-09 09:44:48,9845929,583,2018-05-25 05:26:13,android;java;android-layout;android-studio;layout;
Android,googlesamples/android-play-billing,53111773,57625786,2,2019-08-23 07:50:14,4858777,5667,2015-05-03 04:32:41,angular;android;typescript;kotlin;kotlin-coroutines;
Android,googlesamples/android-play-billing,53111773,55932253,1,2019-05-01 02:03:12,54829,28787,2009-01-13 21:14:09,javascript;html;ajax;url;save-as;
Android,googlesamples/android-play-billing,53111773,55913942,0,2019-04-30 00:21:45,3318025,677,2014-02-17 02:51:41,android;facebook;noclassdeffounderror;classnotfoundexception;facebook-sdk-4.0;
Android,googlesamples/android-play-billing,53111773,55913168,-1,2019-04-29 22:24:50,10212762,76,2018-08-11 11:52:33,android;android-contacts;ubuntu;android-ndk;android-studio;
Android,googlesamples/android-play-billing,53111773,55842716,1,2019-04-25 02:01:00,10271334,6222,2018-08-24 16:30:13,android;kotlin;android-architecture-components;java;android-livedata;
Android,googlesamples/android-play-billing,53111773,53112336,1,2018-11-01 23:32:47,1924554,1237,2012-12-23 02:13:12,ios;uitableview;swift;android;camera;
Android,googlesamples/android-play-billing,56925014,56937518,0,2019-07-08 10:51:02,7403172,13,2017-01-11 04:09:45,automation;android;pycharm;appium;
Android,googlesamples/android-play-billing,46984467,48350486,0,2018-01-19 19:31:36,1964609,973,2013-01-09 17:13:48,android;java;lost-focus;android-layout;user-experience;
Android,googlesamples/android-play-billing,44910631,46479262,2,2017-09-28 18:37:30,1390874,3946,2012-05-12 05:44:04,android;android-layout;android-edittext;fragment;garbage-collection;
Android,googlesamples/android-play-billing,44910631,46454068,1,2017-09-27 13:40:00,6905587,766,2016-09-30 11:59:34,android;android-studio;intellij-idea;android-resources;android-studio-3.1;
Android,googlesamples/android-play-billing,44910631,44911261,3,2017-07-04 13:12:58,295004,9314,2010-03-16 13:37:39,android;right-to-left;java;eclipse;avd;
Android,googlesamples/android-play-billing,41500348,43460110,0,2017-04-17 17:43:49,1390874,3946,2012-05-12 05:44:04,android;android-layout;android-edittext;fragment;garbage-collection;
Android,googlesamples/android-play-billing,41500348,41500488,2,2017-01-06 03:51:42,1676363,132946,2012-09-16 19:32:24,android;android-appcompat;android-studio;android-5.0-lollipop;android-support-library;
Android,googlesamples/android-play-billing,35381104,44077702,1,2017-05-19 15:28:43,1129332,24832,2012-01-04 03:37:22,android;android-studio;java;image;android-bitmap;
Android,googlesamples/android-play-billing,44911596,44927174,0,2017-07-05 09:07:05,6092067,6000,2016-03-21 02:31:36,android;youtube-api;authentication;oauth;access-token;
Android,googlesamples/android-play-billing,42403890,42426052,9,2017-02-23 16:58:32,1065162,885,2011-11-25 04:26:48,xml;web-config;visual-studio-2015;android;windows-phone-7;
Android,googlesamples/android-play-billing,42403890,42406455,0,2017-02-22 23:28:32,7397737,21,2017-01-10 02:54:17,java;
Android,googlesamples/android-play-billing,39585232,39586335,0,2016-09-20 01:29:44,1365098,1814,2012-04-30 01:16:57,android;svg;vector-graphics;android-studio;xml;
Android,googlesamples/android-ads,57956777,59010273,0,2019-11-23 13:23:40,2436979,1850,2013-05-30 10:26:55,kubernetes;python;java;kubespray;bazel;
Android,googlesamples/android-ads,58683254,59010260,0,2019-11-23 13:22:20,2436979,1850,2013-05-30 10:26:55,kubernetes;python;java;kubespray;bazel;
Android,googlesamples/android-ads,58683254,58935422,0,2019-11-19 09:40:38,2668136,11361,2013-08-09 09:46:48,android;android-fragments;java;android-actionbar;android-layout;
Android,googlesamples/android-ads,35711493,38807285,1,2016-08-06 14:03:20,1097123,5988,2011-12-14 02:18:14,c#;.net-core;java-home;.bash-profile;jenv;
Android,googlesamples/android-ads,35711493,35728605,0,2016-03-01 12:47:06,2737933,3830,2013-09-01 15:05:25,android;android-studio;java;plugins;apk;
Android,googlesamples/android-ads,35711493,35728625,2,2016-03-01 12:47:47,2308683,110707,2013-04-22 15:10:38,android;java;python;apache-kafka;hadoop;
Android,googlesamples/android-BluetoothLeGatt,50814384,59916288,0,2020-01-26 03:09:07,7370837,77,2017-01-03 15:25:51,android;facebook;handler;postdelayed;android-handler;
Android,googlesamples/android-BluetoothLeGatt,50814384,50820313,1,2018-06-12 11:01:30,8531215,1092,2017-08-29 03:45:21,android;java;c++;arrays;pointers;
Android,googlesamples/android-BluetoothLeGatt,57769186,57983290,0,2019-09-17 19:50:35,12068586,1,2019-09-14 19:52:39,
Android,googlesamples/android-BluetoothLeGatt,51993370,51993441,-1,2018-08-23 15:59:23,6866936,1,2016-09-22 16:52:54,
Android,googlesamples/android-BluetoothLeGatt,51993370,52002436,0,2018-08-24 06:24:15,556495,9409,2010-12-28 19:08:47,bluetooth-lowenergy;android;bluetooth;android-bluetooth;bluetooth-gatt;
Android,googlesamples/android-BluetoothLeGatt,51993370,51993449,0,2018-08-23 16:00:13,8923905,72,2017-11-11 08:31:03,java;string;indexing;lastindexof;overriding;
Android,googlesamples/android-BluetoothLeGatt,54294854,54330266,0,2019-01-23 12:11:45,6038626,1,2016-03-09 05:42:39,
Android,googlesamples/android-BluetoothLeGatt,54294854,54295003,0,2019-01-21 14:25:57,115145,858833,2009-05-31 12:20:08,android;java;android-intent;android-studio;android-fragments;
Android,googlesamples/android-BluetoothLeGatt,48020271,53374402,-1,2018-11-19 09:12:53,8614856,66,2017-09-15 08:56:47,android;android-recyclerview;java;animation;location;
Android,googlesamples/android-BluetoothLeGatt,49043010,49063640,0,2018-03-02 02:08:55,7433716,53,2017-01-18 01:19:07,android;qr-code;spinner;android-layout;android-recyclerview;
Android,googlesamples/android-BluetoothLeGatt,49024906,49043485,0,2018-03-01 02:00:34,2839691,11,2013-10-02 13:33:10,android;bluetooth-lowenergy;bluetooth-gatt;
Android,googlesamples/android-BluetoothLeGatt,49020168,49021444,0,2018-02-27 23:20:07,813613,1740,2011-06-24 03:04:47,android;bluetooth-lowenergy;bluetooth;android-4.3-jelly-bean;android-bluetooth;
Android,googlesamples/android-BluetoothLeGatt,47880718,47884911,2,2017-12-19 07:29:26,4874967,49,2015-05-07 08:32:20,java;hex;bluetooth;android;bluetooth-lowenergy;
Android,googlesamples/android-BluetoothLeGatt,46273499,46286185,3,2017-09-18 14:45:19,5473324,41,2015-10-21 17:48:59,android;bluetooth;bluetooth-lowenergy;android-ble;raspberry-pi3;
Android,googlesamples/android-BluetoothLeGatt,46263640,46467940,3,2017-09-28 07:24:05,8435690,111,2017-08-08 13:19:06,bluetooth;bluetooth-lowenergy;device;gatt;android;
Android,googlesamples/android-BluetoothLeGatt,46364151,46383834,1,2017-09-23 16:08:31,556495,9409,2010-12-28 19:08:47,bluetooth-lowenergy;android;bluetooth;android-bluetooth;bluetooth-gatt;
Android,googlesamples/android-BluetoothLeGatt,42216472,42617597,1,2017-03-06 00:34:16,7664271,11,2017-03-06 00:26:37,java;android;bluetooth-lowenergy;gatt;
Android,googlesamples/android-BluetoothLeGatt,42216472,42446160,0,2017-02-24 14:49:00,7618278,61,2017-02-24 13:11:13,matlab;comparison;plot;visualization;histogram;
Android,googlesamples/android-BluetoothLeGatt,42111793,42117148,1,2017-02-08 12:27:38,556495,9409,2010-12-28 19:08:47,bluetooth-lowenergy;android;bluetooth;android-bluetooth;bluetooth-gatt;
Android,googlesamples/android-BluetoothLeGatt,38869938,38870026,1,2016-08-10 05:56:41,5552022,2357,2015-11-11 16:39:06,android;java;android-fingerprint-api;android-intent;sockets;
Android,googlesamples/android-BluetoothLeGatt,37806234,37811934,2,2016-06-14 08:23:52,4854929,759,2015-05-01 13:22:05,bluetooth-lowenergy;microcontroller;bluetooth;pic;ios;
Android,googlesamples/android-Camera2Raw,48094952,58631330,0,2019-10-30 14:04:04,6561701,306,2016-07-07 12:09:39,android;android-recyclerview;java;fragment;kotlin;
Android,googlesamples/android-Camera2Raw,48094952,48095129,8,2018-01-04 09:15:44,885028,24030,2011-08-08 20:18:58,android;android-studio;kotlin;java;python;
Android,googlesamples/android-Camera2Raw,48094952,48120896,12,2018-01-05 17:34:20,1344825,13779,2012-04-19 14:47:29,android;android-camera;android-camera2;camera;api;
Android,googlesamples/android-Camera2Raw,48094952,48095179,3,2018-01-04 09:18:03,7209927,764,2016-11-25 10:25:36,android;matlab;java;ios;memory;
Android,googlesamples/android-Camera2Raw,48448924,50050507,0,2018-04-26 15:21:21,1545839,131,2012-07-23 08:32:52,python-3.x;anaconda;eager;tensorflow;
Android,googlesamples/android-Camera2Raw,32970996,33029622,1,2015-10-08 23:51:05,4845493,61,2015-04-29 04:47:37,android;android-camera;camera2;preview;camera;
Android,googlesamples/android-testdpc,47544132,48815379,0,2018-02-15 17:04:55,9023227,11,2017-11-28 22:46:39,android;android-syncadapter;android-securityexception;
Android,googlesamples/android-testdpc,45099484,45632746,0,2017-08-11 06:18:26,4816506,1818,2015-04-21 15:53:44,android;android-management-api;android-for-work;cosu;android-enterprise;
Android,googlesamples/android-testdpc,45099484,46485018,4,2017-09-29 04:41:58,440921,7619,2010-09-06 17:23:07,android;java;usermanager;javascript;commonjs;
Android,googlesamples/android-Camera2Video,57716484,58619371,1,2019-10-30 01:47:12,11993766,11,2019-08-29 06:00:31,java;android;landscape-portrait;android-camera2;
Android,googlesamples/android-Camera2Video,54091648,54098293,1,2019-01-08 16:17:24,1344825,13779,2012-04-19 14:47:29,android;android-camera;android-camera2;camera;api;
Android,googlesamples/android-Camera2Video,54091648,54095766,0,2019-01-08 13:21:19,192373,49513,2009-10-19 08:02:23,android;android-ndk;java-native-interface;c++;java;
Android,googlesamples/android-Camera2Video,53129932,53275304,0,2018-11-13 03:48:14,1404257,1800,2012-05-18 16:28:11,ios;android;java;opencv;xmpp;
Android,googlesamples/android-Camera2Video,47533726,52104131,1,2018-08-30 15:28:45,641095,567,2011-03-02 07:41:15,android;charts;android-custom-view;c++;cross-platform;
Android,googlesamples/android-Camera2Video,49880717,49963566,0,2018-04-22 03:26:19,192373,49513,2009-10-19 08:02:23,android;android-ndk;java-native-interface;c++;java;
Android,googlesamples/android-Camera2Video,49914794,49933143,0,2018-04-19 22:48:27,5140756,1776,2015-07-21 15:43:27,flutter;dart;flutter-test;flutter-layout;android;
Android,googlesamples/android-Camera2Video,49914794,49915137,0,2018-04-19 03:28:09,8153765,260,2017-06-13 05:39:12,android;sqlite;listview;android-layout;android-sqlite;
Android,googlesamples/android-Camera2Video,49570402,49570485,-1,2018-03-30 03:45:21,9152667,1,2017-12-29 07:23:03,
Android,googlesamples/android-Camera2Video,37539614,48761520,1,2018-02-13 04:28:06,6903989,257,2016-09-30 05:52:23,android;android-intent;android-activity;android-camera2;ffmpeg;
Android,googlesamples/android-Camera2Video,37539614,40671371,1,2016-11-18 04:13:34,3007695,1563,2013-11-19 04:09:55,dart;flutter;jquery;android;javascript;
Android,googlesamples/android-Camera2Video,37539614,37539771,1,2016-05-31 03:44:06,696391,21383,2011-04-07 04:26:09,android;algorithm;java;c++;c;
Android,googlesamples/android-Camera2Video,43549220,48661960,0,2018-02-07 07:51:50,7344774,61,2016-12-27 04:11:15,android;java;xml;android-animation;firebase;
Android,googlesamples/android-Camera2Video,45358247,45420167,3,2017-07-31 11:43:57,3561494,1401,2014-04-22 13:14:00,android;java;rest;android-volley;video;
Android,googlesamples/android-Camera2Video,40331561,41782546,1,2017-01-21 14:49:29,2789065,301,2013-09-17 15:40:01,android;java;emv;nfc;smartcard-reader;
Android,googlesamples/android-Camera2Video,40331561,41689564,0,2017-01-17 02:22:58,635887,12632,2011-02-26 16:41:19,android;mysql;android-xml;xcode;simulator;
Android,googlesamples/android-Camera2Video,41090419,41090524,1,2016-12-11 16:58:12,3682535,2320,2014-05-28 03:13:10,android;xml;android-layout;android-constraintlayout;java;
Android,googlesamples/android-Camera2Video,34832098,38122631,0,2016-06-30 08:06:29,2866051,279,2013-10-10 04:01:13,video;visual-studio;visual-studio-2012;c;precision;
Android,googlesamples/android-Camera2Video,34832098,36071166,0,2016-03-17 16:34:25,3846287,1733,2014-07-16 14:19:10,android;navigation;android-fragments;react-native;protocolexception;
Android,googlesamples/android-Camera2Video,31987928,32661407,0,2015-09-18 17:36:25,2068766,2867,2013-02-13 11:51:53,javascript;css;jquery;jquery-mobile;youtube-javascript-api;
Android,googlesamples/android-XYZTouristAttractions,39327480,39333694,2,2016-09-05 11:26:32,3162918,2804,2014-01-05 13:27:01,android;android-notifications;android-resources;android-drawable;python;
Android,googlesamples/android-XYZTouristAttractions,39327480,39327583,0,2016-09-05 05:28:57,5138962,353,2015-07-21 07:50:35,android;java;android-studio;google-maps;android-intent;
Android,googlesamples/android-XYZTouristAttractions,29848140,29861971,2,2015-04-25 02:45:12,268156,18464,2010-02-07 12:10:45,android;google-maps;gradle;apache-httpcomponents;android-9.0-pie;
Android,googlesamples/android-WearVerifyRemoteApp,44467885,44473326,0,2017-06-10 08:31:01,6092067,6000,2016-03-21 02:31:36,android;youtube-api;authentication;oauth;access-token;
Android,googlesamples/android-WatchFace,27876937,27887037,0,2015-01-11 09:27:55,4439998,21,2015-01-10 10:36:42,android;sample;nullpointerexception;
Android,googlesamples/android-MediaEffects,30952459,30956693,1,2015-06-20 13:02:55,3530129,46918,2014-04-13 19:09:56,opengl;c++;opengl-es;android;glsl;
Android,googlesamples/android-DirectBoot,39363500,61225942,0,2020-04-15 05:56:12,4591854,15,2015-02-21 14:32:34,android;firebase;firebase-performance;
Android,googlesamples/android-DirectBoot,39363500,39363668,1,2016-09-07 03:23:48,529691,12758,2010-12-03 14:47:58,android;android-emulator;java;android-intent;eclipse;
Android,googlesamples/leanback-showcase,52641014,53814277,2,2018-12-17 08:26:04,6067231,21,2016-03-15 11:28:07,android;android-tv;leanback;browsefragment;
Android,googlesamples/leanback-showcase,52641014,52661842,3,2018-10-05 04:54:08,3687061,424,2014-05-29 06:01:45,android;leanback;android-layout;android-tv;browsefragment;
Android,googlesamples/leanback-showcase,50268110,50714365,3,2018-06-06 03:17:28,9769407,51,2018-05-10 03:47:18,android;leanback;
Android,googlesamples/leanback-showcase,38382439,38382647,2,2016-07-14 15:26:44,379822,446,2010-06-30 04:28:57,ruby;minitest;ruby-2.2;ruby-on-rails;processor;
Android,googlesamples/androidtv-sample-inputs,54249271,54425671,1,2019-01-29 13:36:39,3513016,381,2014-04-08 18:46:43,android;security;android-usb;android-security;android-enterprise;
Android,googlesamples/androidtv-sample-inputs,36765915,36829126,0,2016-04-24 17:32:50,1491707,9082,2012-06-29 12:50:17,actions-on-google;dialogflow;android;google-assistant-sdk;google-home;
Android,googlesamples/androidtv-sample-inputs,34059790,34073374,0,2015-12-03 15:19:23,1491707,9082,2012-06-29 12:50:17,actions-on-google;dialogflow;android;google-assistant-sdk;google-home;
Android,googlesamples/androidtv-sample-inputs,31377712,31399312,1,2015-07-14 02:32:52,1491707,9082,2012-06-29 12:50:17,actions-on-google;dialogflow;android;google-assistant-sdk;google-home;
Android,googlesamples/android-play-publisher-api,56510496,59916236,-1,2020-01-26 02:57:56,7167920,19,2016-11-16 11:14:30,java;android;rotation;
Android,googlesamples/android-play-publisher-api,56510496,59503782,1,2019-12-27 12:56:57,7167920,19,2016-11-16 11:14:30,java;android;rotation;
Android,googlesamples/android-play-publisher-api,56638306,56877288,1,2019-07-03 16:10:16,5238522,2319,2015-08-18 05:15:34,javascript;api;cors;preflight;fetch-api;
Android,googlesamples/android-play-publisher-api,52734443,62473593,0,2020-06-19 11:29:39,5169529,181,2015-07-29 09:11:46,cakephp;javascript;time;netbeans;intellij-idea;
Android,googlesamples/android-play-publisher-api,38403559,38409251,3,2016-07-16 04:20:06,445598,9916,2010-09-12 10:10:12,ios;fastlane;xcode;cocoapods;app-store-connect;
Android,googlesamples/android-play-publisher-api,26241916,27089032,2,2014-11-23 09:39:45,2183804,21275,2011-06-21 07:02:20,android;google-maps;google-maps-android-api-2;android-maps-v2;google-maps-markers;
Android,googlesamples/android-play-publisher-api,26241916,27021521,0,2014-11-19 13:09:41,231768,1058,2009-12-14 23:03:02,android;sender-id;google-cloud-messaging;google-api-console;multithreading;
Android,googlesamples/androidtv-Leanback,56251116,56969326,0,2019-07-10 07:03:17,2745520,655,2013-09-04 02:14:33,android;file;file-manager;user-inactivity;textcolor;
Android,googlesamples/androidtv-Leanback,51893569,55717286,0,2019-04-16 18:11:43,5844789,118,2016-01-27 01:14:11,jersey;java;authorization;http-headers;server-sent-events;
Android,googlesamples/androidtv-Leanback,44115956,46512176,0,2017-10-01 08:01:02,3123830,123,2013-12-20 16:01:24,android;java;listview;webview;android-intent;
Android,googlesamples/androidtv-Leanback,34159696,34161304,0,2015-12-08 13:41:40,5311955,41,2015-09-08 04:32:31,android;android-input-method;android-tv;
Android,googlesamples/androidtv-Leanback,27891487,27891593,3,2015-01-11 17:14:54,1367571,11689,2012-05-01 06:24:12,android;uri;absolute-path;mediastore;android-tv;
Android,googlesamples/androidtv-Leanback,27489545,27577720,1,2014-12-20 03:35:53,4361607,2809,2014-12-15 05:42:56,android;android-recyclerview;android-5.0-lollipop;rippledrawable;android-appcompat;
Android,googlesamples/android-MediaRecorder,39013371,39013654,0,2016-08-18 04:45:21,6523232,808,2016-06-28 08:04:53,c++;java;multithreading;android;qt;
Android,googlesamples/android-fit,57124264,57126826,0,2019-07-20 12:56:56,4729721,3865,2015-03-30 08:40:17,android;kotlin;java;firebase;android-studio;
Android,googlesamples/android-fit,49005575,49013319,1,2018-02-27 12:21:18,5832311,11323,2016-01-24 03:32:35,android;google-maps;youtube-api;google-play-services;google-cloud-messaging;
Android,googlesamples/android-fit,36773519,47031013,1,2017-10-31 05:37:30,4578513,4658,2015-02-18 04:22:13,flutter;dart;android;listview;size;
Android,googlesamples/android-fit,36773519,44237813,3,2017-05-29 04:24:02,8080277,177,2017-05-29 04:02:14,android;intentfilter;android-intent;android-sharing;oauth;
Android,googlesamples/android-fit,36773519,36789707,0,2016-04-22 05:14:45,5995040,5710,2016-02-28 19:37:16,javascript;google-apps-script;android;google-maps;google-drive-api;
Android,googlesamples/android-fit,42142836,46559810,0,2017-10-04 04:00:26,8504861,173,2017-08-23 04:08:04,android;google-fit;google-play-services;google-api;android-camera;
Android,googlesamples/android-fit,36270399,36270772,0,2016-03-28 16:38:57,1750013,778,2012-10-16 08:25:12,android;java;android-activity;android-intent;android-layout;
Android,googlesamples/android-fit,35506755,35508019,0,2016-02-19 11:47:13,5587446,158,2015-11-20 17:58:08,paypal;php;mysql;payment;paypal-rest-sdk;
Android,googlesamples/android-fit,28966466,28989409,1,2015-03-11 10:33:10,4427983,71,2015-01-07 05:18:59,android;navigation-drawer;android-toolbar;google-fit;firebase;
Android,googlesamples/android-fit,28966466,28969921,0,2015-03-10 13:09:41,879508,2727,2011-08-04 17:25:45,android;java;osmdroid;androidplot;bluetooth-lowenergy;
Android,googlesamples/android-testing-templates,60439652,60458156,0,2020-02-28 15:31:05,2278333,39,2013-04-13 17:00:09,java;svn;graphics;tortoisesvn;android;
Android,googlesamples/android-BasicRenderScript,56307632,56307832,0,2019-05-25 14:58:01,295004,9314,2010-03-16 13:37:39,android;right-to-left;java;eclipse;avd;
Android,googlesamples/android-BasicRenderScript,50165497,50173248,0,2018-05-04 06:53:08,3015325,15019,2013-11-20 20:05:47,android;android-studio;java;renderscript;android-fragments;
Android,googlesamples/android-SwipeRefreshLayoutBasic,41296030,41298361,0,2016-12-23 06:08:41,7108003,42,2016-11-03 01:13:46,android;listview;android-appcompat;android-fragments;animation;
Android,googlesamples/android-SwipeRefreshLayoutBasic,41296030,41296827,1,2016-12-23 04:11:56,7198705,100,2016-11-23 04:58:16,android;bar-chart;axis-labels;mpandroidchart;android-support-library;
Android,googlesamples/android-SwipeRefreshLayoutBasic,41296030,41296191,1,2016-12-23 03:22:34,5794116,2350,2016-01-15 07:25:55,android;timer;nstimer;java;firebase;
Android,googlesamples/android-SwipeRefreshLayoutBasic,41296030,41296113,0,2016-12-23 03:14:52,7198705,100,2016-11-23 04:58:16,android;bar-chart;axis-labels;mpandroidchart;android-support-library;
Android,googlesamples/android-SlidingTabsBasic,53141233,53142152,0,2018-11-04 12:03:10,7710957,308,2017-03-14 15:36:59,python;random;macos;max;google-colaboratory;
Android,googlesamples/android-RuntimePermissions,48005850,48375721,1,2018-01-22 03:26:15,3451344,2119,2014-03-23 00:03:06,android;android-layout;android-gradle-plugin;aapt;kotlin;
Android,googlesamples/android-RuntimePermissions,48005850,48353241,4,2018-01-20 03:17:53,4944007,2293,2015-05-27 05:28:40,android;android-studio;debugging;adb;react-native;
Android,googlesamples/android-RuntimePermissions,48005850,48316488,0,2018-01-18 05:07:49,8971068,9,2017-11-20 09:24:43,
Android,googlesamples/android-RuntimePermissions,48005850,48297063,0,2018-01-17 05:53:44,5117719,2613,2015-07-14 23:45:38,android;android-activity;java;facebook;facebook-login;
Android,googlesamples/android-RuntimePermissions,48005850,48274819,4,2018-01-16 02:45:13,1083957,48595,2011-12-06 13:55:13,android;java;android-layout;android-view;dagger-2;
Android,googlesamples/android-RuntimePermissions,33039188,33253587,10,2015-10-21 04:40:55,2548749,124,2013-07-03 21:57:36,android;android-6.0-marshmallow;
Android,googlesamples/android-RuntimePermissions,33039188,33043538,0,2015-10-09 12:54:10,2944616,19018,2013-11-01 07:26:30,android;android-6.0-marshmallow;java;eclipse;adt;
Android,googlesamples/android-RecyclerView,31358973,31359110,0,2015-07-11 12:10:48,4372498,779,2014-12-17 22:36:59,android;canvas;android-fragments;java;android-service;
Android,googlesamples/android-RecyclerView,31323889,31327836,0,2015-07-09 16:43:28,1715829,9543,2012-10-02 21:45:13,android;java;c++;android-intent;optimization;
Android,googlesamples/android-RecyclerView,28004653,28005607,-1,2015-01-17 20:44:49,4465348,35,2015-01-17 15:12:23,android;adapter;android-recyclerview;
Android,googlesamples/android-RecyclerView,28004653,28005312,1,2015-01-17 20:05:21,2323637,1481,2013-04-26 07:38:40,android;android-layout;java;android-recyclerview;android-cardview;
Android,googlesamples/android-PdfRendererBasic,37483049,58540750,0,2019-10-24 07:48:39,574606,81,2011-01-13 14:02:50,android;android-studio;layout;animation;transition;
Android,googlesamples/android-PdfRendererBasic,37483049,48171094,0,2018-01-09 12:06:40,5049286,1,2015-06-25 10:05:52,
Android,googlesamples/android-PdfRendererBasic,37483049,46002017,9,2017-09-01 10:06:04,231590,2513,2009-12-14 17:10:07,android-studio;macos;openjdk;java-home;android;
Android,googlesamples/android-PdfRendererBasic,37483049,38069546,4,2016-06-28 03:19:36,4664754,685,2015-03-12 16:52:50,c#;android;wpf;xamarin;mvvmcross;
Android,googlesamples/android-PdfRendererBasic,51925092,51960068,0,2018-08-22 00:50:27,5421738,1557,2015-10-08 02:47:01,android;android-studio;build.gradle;android-studio-2.0;android-file;
Android,googlesamples/android-NotificationChannels,46910621,57134215,0,2019-07-21 10:42:21,10393174,423,2018-09-20 15:01:15,android;java;react-native;user-interface;firebase;
Android,googlesamples/android-NotificationChannels,46910621,54262189,2,2019-01-18 19:22:46,1289159,86,2012-03-23 16:50:36,android;orientation;android-sensors;android-activity;firebase;
Android,googlesamples/android-NotificationChannels,46910621,46946289,11,2017-10-26 02:15:19,4625829,30386,2015-03-02 22:06:48,firebase-cloud-messaging;firebase;android;google-cloud-messaging;push-notification;
Android,googlesamples/android-NotificationChannels,46910621,55417644,1,2019-03-29 08:40:02,4695418,351,2015-03-20 15:21:33,android;swipe;dismiss;android-layout;firebase;
Android,googlesamples/android-NotificationChannels,50177783,53124879,1,2018-11-02 15:37:42,1821566,1147,2012-11-13 14:22:15,android;android-espresso;android-gradle-plugin;build.gradle;android-intent;
Android,googlesamples/android-MultiWindowPlayground,42527558,42549502,2,2017-03-02 03:45:12,1533933,10910,2012-07-18 03:18:58,android;android-support-library;toolbar;android-layout;java;
Android,googlesamples/android-MultiWindowPlayground,42485558,42485736,0,2017-02-27 08:22:17,1322878,2339,2012-04-09 19:21:42,android;youtube;android-webview;android-youtube-api;ios;
Android,googlesamples/android-MediaRouter,39131973,41860609,0,2017-01-25 17:01:11,2321825,65,2013-04-25 19:03:33,firefox;c++;performance;android;boost-propertytree;
Android,googlesamples/android-MediaBrowserService,54333310,57187463,1,2019-07-24 12:25:44,10957238,11,2019-01-23 14:34:15,android;android-mediaplayer;androidx;
Android,googlesamples/android-MediaBrowserService,46567945,56073068,1,2019-05-10 03:51:49,2320459,340,2013-04-25 11:30:32,openfire;service;android;background;strophe;
Android,googlesamples/android-MediaBrowserService,46567945,46644087,0,2017-10-09 06:17:50,2351499,763,2013-05-05 04:13:45,android;java;android-notifications;foreground-service;remoteserviceexception;
Android,googlesamples/android-MediaBrowserService,41284827,53854049,0,2018-12-19 12:10:11,1604309,1455,2012-08-16 16:21:07,android;gradle;java;android-service;android-9.0-pie;
Android,googlesamples/android-MediaBrowserService,41284827,52855202,2,2018-10-17 08:45:56,7086179,21,2016-10-28 12:52:40,android;android-auto;
Android,googlesamples/android-LNotifications,35407465,35408084,0,2016-02-15 08:23:28,5754623,1522,2016-01-06 19:02:18,android;android-6.0-marshmallow;android-doze;rotation;android-activity;
Android,googlesamples/android-JobScheduler,24728744,24728766,0,2014-07-13 22:22:22,2001566,1708,2013-01-22 16:38:18,android;java;android-studio;kotlin;kotlin-extension;
Android,googlesamples/android-HdrViewfinder,57716484,58619371,1,2019-10-30 01:47:12,11993766,11,2019-08-29 06:00:31,java;android;landscape-portrait;android-camera2;
Android,googlesamples/android-HdrViewfinder,57645797,57672754,1,2019-08-27 06:31:24,192373,49513,2009-10-19 08:02:23,android;android-ndk;java-native-interface;c++;java;
Android,googlesamples/android-HdrViewfinder,57613016,57617611,0,2019-08-22 18:11:50,1344825,13779,2012-04-19 14:47:29,android;android-camera;android-camera2;camera;api;
Android,googlesamples/android-Geofencing,29029594,29350466,8,2015-03-30 11:41:52,4025983,9660,2014-09-10 04:25:13,c#;npm;package.json;c#-7.0;.net;
Android,googlesamples/android-Geofencing,29029594,29410030,2,2015-04-02 05:55:28,2893843,36168,2013-10-18 04:35:04,android;android-resources;android-mnc;android-6.0-marshmallow;android-drawable;
Android,googlesamples/android-Geofencing,29029594,48889381,3,2018-02-20 12:02:25,6255743,846,2016-04-26 06:19:47,android;android-actionbar;android-fragmentactivity;navigation-drawer;android-toolbar;
Android,googlesamples/android-Geofencing,29029594,29414735,9,2015-04-02 09:55:25,1217820,12050,2012-02-18 05:37:29,android;android-layout;google-play-services;geofencing;dialog;
Android,googlesamples/android-Geofencing,29029594,32167977,2,2015-08-23 10:52:23,3907786,284,2014-08-04 14:18:50,android;android-emulator;tess-two;countdowntimer;geofencing;
Android,googlesamples/android-Geofencing,29029594,29358600,4,2015-03-30 20:26:47,502671,5235,2010-11-09 23:26:44,android;android-studio;debugging;android-debug;android-debugging;
Android,googlesamples/android-FingerprintDialog,58582577,58583172,1,2019-10-27 16:40:00,6236959,418,2016-04-21 13:20:32,android;java;ruby-on-rails;firebase-authentication;ruby;
Android,googlesamples/android-FingerprintDialog,39470098,45037421,15,2017-07-11 10:29:01,5552022,2357,2015-11-11 16:39:06,android;java;android-fingerprint-api;android-intent;sockets;
Android,googlesamples/android-FingerprintDialog,39470098,50801966,6,2018-06-11 12:10:39,8419823,379,2017-08-04 20:41:08,android;android-fingerprint-api;google-play;php;java;
Android,googlesamples/android-FingerprintDialog,39470098,40154190,1,2016-10-20 09:16:22,1712524,127,2012-10-01 13:48:56,android;titlebar;button;title;kotlin;
Android,googlesamples/android-FingerprintDialog,53757578,57143707,0,2019-07-22 06:10:57,5889013,3,2016-02-05 13:02:49,
Android,googlesamples/android-FingerprintDialog,54286516,54286885,1,2019-01-21 06:29:36,3141231,4591,2013-12-28 02:04:44,android;android-emulator;android-studio;android-gradle-plugin;eclipse;
Android,googlesamples/android-FingerprintDialog,54286516,54286647,0,2019-01-21 06:16:12,1616317,7777,2012-08-22 04:02:42,android;java;location;gps;android-studio;
Android,googlesamples/android-FingerprintDialog,53853910,53866367,4,2018-12-20 07:03:16,1524450,48567,2012-07-13 15:13:11,assembly;android;x86;mips;nasm;
Android,googlesamples/android-FingerprintDialog,47390681,53368167,0,2018-11-19 01:06:32,10003672,39,2018-06-28 01:51:54,android;fingerprint;android-8.0-oreo;biometrics;detect;
Android,googlesamples/android-FingerprintDialog,47390681,47390933,1,2017-11-20 08:26:49,3364266,1749,2014-02-28 05:56:39,android;java;snackbar;android-snackbar;coordinator-layout;
Android,googlesamples/android-FingerprintDialog,50722582,50723113,0,2018-06-06 10:37:36,1150307,297,2012-01-15 08:43:17,android;php;encoding;json;escaping;
Android,googlesamples/android-FingerprintDialog,47800216,47800478,0,2017-12-13 16:08:33,7048554,181,2016-10-20 11:29:28,android;java;printing;android-print-framework;build;
Android,googlesamples/android-FingerprintDialog,32990275,35264164,10,2016-02-08 04:16:16,840669,13579,2011-07-12 08:16:00,android;android-edittext;passwords;onclick;screen;
Android,googlesamples/android-FingerprintDialog,32990275,35267979,0,2016-02-08 07:58:55,1621927,1187,2012-08-24 03:36:23,android;intellij-idea;android-studio;sdk;avd;
Android,googlesamples/android-FingerprintDialog,36580297,45182594,0,2017-07-19 02:34:01,2252113,24940,2013-04-06 07:54:35,android;togglebutton;android-fragments;reactjs;javascript;
Android,googlesamples/android-FingerprintDialog,36580297,36662670,0,2016-04-16 05:58:11,933547,121,2011-09-07 16:18:37,android;android-keystore;android-security;android-fingerprint-api;java;
Android,googlesamples/android-FingerprintDialog,37764937,42182258,0,2017-02-11 20:02:00,1294150,3462,2012-03-26 18:17:08,android;android-fingerprint-api;biometrics;fingerprint;jenkins;
Android,googlesamples/android-FingerprintDialog,37764937,40374761,2,2016-11-02 04:45:28,7082888,41,2016-10-27 20:08:29,android-studio;android-6.0-marshmallow;android-fingerprint-api;android;objective-c;
Android,googlesamples/android-FingerprintDialog,34609427,39372141,7,2016-09-07 10:07:29,2031068,2661,2013-01-31 22:16:25,android;android-fragments;java;google-cloud-messaging;fingerprint;
Android,googlesamples/android-FingerprintDialog,34609427,36894063,2,2016-04-27 11:19:05,3540593,10511,2014-04-16 05:50:18,android;android-recyclerview;listview;java;onscrolllistener;
Android,googlesamples/android-FingerprintDialog,34609427,34708821,2,2016-01-10 14:55:25,374222,1686,2010-06-23 08:37:18,android;user-interface;validation;android-annotations;saripaar;
Android,googlesamples/android-FingerprintDialog,37643039,38972437,0,2016-08-16 06:25:18,1711575,1834,2012-10-01 07:04:55,php;laravel;laravel-5;laravel-5.2;eloquent;
Android,googlesamples/android-FingerprintDialog,37553441,37553780,0,2016-05-31 15:09:01,1727132,4073,2012-10-07 14:28:23,android;android-studio;meta-inf;duplicates;node.js;
Android,googlesamples/android-FingerprintDialog,35127970,35128856,2,2016-02-01 08:01:04,1481061,1277,2012-06-25 16:43:54,android;caching;view;fragment;java;
Android,googlesamples/android-FingerprintDialog,31579686,31678438,1,2015-07-28 09:56:28,1995157,4421,2013-01-20 15:34:03,android;java;gradle;android-fragments;wear-os;
Android,googlesamples/android-DirectorySelection,56263620,61214849,1,2020-04-14 14:37:49,4400065,2898,2014-12-28 13:29:10,django;python;python-3.x;android;dictionary;
Android,googlesamples/android-DirectorySelection,41096332,49300404,2,2018-03-15 09:12:57,1277491,631,2012-03-18 18:09:12,android;java;eclipse;eclipse-adt;android-sdk-manager;
Android,googlesamples/android-DirectorySelection,41096332,41112022,0,2016-12-12 21:45:07,3221524,61,2014-01-21 21:27:07,java;linux;cmake;protocol-buffers;capnproto;
Android,googlesamples/android-DirectorySelection,41096332,41099299,1,2016-12-12 07:57:28,2108972,10369,2013-02-25 17:45:48,android;java;android-intent;sockets;android-asynctask;
Android,googlesamples/android-CardReader,41815879,41827356,0,2017-01-24 08:42:16,2882688,4697,2013-10-15 09:16:57,angular6;angular;android;typescript;android-studio;
Android,googlesamples/android-CardEmulation,56497850,56727831,0,2019-06-23 17:23:37,2833040,486,2013-09-30 20:15:53,nfc;android;ios;hce;mifare;
Android,googlesamples/android-CardEmulation,41815879,41827356,0,2017-01-24 08:42:16,2882688,4697,2013-10-15 09:16:57,angular6;angular;android;typescript;android-studio;
Android,googlesamples/android-BluetoothAdvertisements,43906652,43906917,1,2017-05-11 01:04:00,7989770,67,2017-05-10 01:46:51,android;android-layout;bluetooth;bluetooth-lowenergy;android-bluetooth;
Android,googlesamples/android-BasicSyncAdapter,47544132,48815379,0,2018-02-15 17:04:55,9023227,11,2017-11-28 22:46:39,android;android-syncadapter;android-securityexception;
Android,googlesamples/android-BasicManagedProfile,27738431,28337376,0,2015-02-05 03:15:50,3916830,790,2014-08-07 00:45:58,android;firebase;gradle;device-owner;device-policy-manager;
Android,googlesamples/android-BasicManagedProfile,26310908,27478710,0,2014-12-15 03:48:26,1232569,486,2012-02-25 10:46:39,android-5.0-lollipop;device-policy-manager;android-developer-api;android;intellij-idea;
Android,googlesamples/android-BasicManagedProfile,26479618,26480019,0,2014-10-21 03:13:22,550966,73994,2010-12-22 05:37:34,android;android-studio;code-formatting;java;android-activity;
Android,googlesamples/android-BasicAndroidKeyStore,49167514,51543907,0,2018-07-26 12:50:44,338449,2688,2010-05-11 11:45:49,android;android-activity;runtime-error;c;division;
Android,googlesamples/android-AsymmetricFingerprintDialog,45051996,45059954,2,2017-07-12 10:05:08,6371459,26496,2016-05-23 09:26:44,jwt;java;ssl;digital-signature;rsa;
Android,googlesamples/android-AccelerometerPlay,42654017,42656583,0,2017-03-07 15:21:49,5239122,690,2015-08-18 07:47:53,android;android-layout;android-studio;java;themes;
Android,googlesamples/android-play-safetynet,61947006,62168591,5,2020-06-03 04:42:54,13669696,106,2020-06-02 23:40:58,safetynet;android;
Android,googlesamples/android-play-safetynet,59502653,61948961,1,2020-05-22 02:20:52,8211797,11,2017-06-25 07:45:56,java;certificate;node.js;kotlin;google-signin;
Android,googlesamples/identity-toolkit-android,30888646,33979162,0,2015-11-29 00:38:46,319058,5111,2010-04-17 00:35:23,android;android-arrayadapter;baseadapter;android-spinner;video-streaming;
Android,googlesamples/android-play-location,28272454,28272681,0,2015-02-02 04:12:35,4116464,51,2014-10-07 05:16:15,android;webview;android-webview;android-activity;google-maps-android-api-2;
Android,googlesamples/android-play-location,28272454,28272528,0,2015-02-02 03:58:43,683691,755,2011-03-30 05:53:20,android;gradle;facebook;maven;android-studio;
Android,googlesamples/android-play-location,31188849,52417257,0,2018-09-19 23:42:17,7646318,179,2017-03-02 05:13:36,android;java;jar;android-studio;python;
Android,googlesamples/android-play-location,31188849,48360388,1,2018-01-20 16:46:16,1813870,1885,2012-11-09 23:57:22,reactjs;javascript;material-ui;android;react-native;
Android,googlesamples/android-play-location,31188849,44811571,1,2017-06-28 16:01:09,935079,1147,2011-09-08 10:50:36,java;regex;hibernate;php;postgresql;
Android,googlesamples/android-play-location,31188849,31191045,4,2015-07-02 13:31:31,510981,7617,2010-11-17 12:41:14,android;android-studio;gradle;module;sql-server-2008;
Android,googlesamples/android-play-location,31188849,31188913,-1,2015-07-02 11:36:27,603270,15362,2011-02-04 11:11:47,android;java;android-volley;http-post;android-json;
Android,googlesamples/android-play-location,32629113,32629987,1,2015-09-17 08:09:04,3045568,1754,2013-11-28 08:06:12,java;pdf;ascii;itext;android;
Android,googlesamples/android-play-location,32629113,32629631,1,2015-09-17 07:50:07,718764,19960,2011-04-21 06:31:04,android;java;multithreading;ios;iphone;
Android,googlesamples/android-play-location,33149700,33150597,2,2015-10-15 10:01:33,2944616,19018,2013-11-01 07:26:30,android;android-6.0-marshmallow;java;eclipse;adt;
Android,googlesamples/android-play-location,33149700,33149943,3,2015-10-15 09:31:31,5423456,94,2015-10-08 09:42:00,android;code-behind;android-tablelayout;android-permissions;activity-recognition;
Android,googlesamples/android-play-location,32833945,33458516,0,2015-10-31 23:02:25,3988970,137,2014-08-29 00:25:38,apache;windows;xampp;android;usb;
Android,googlesamples/android-play-location,32833945,32836146,1,2015-09-29 01:15:58,5369672,101,2015-09-23 17:31:50,android;c#;java;sqlite;location;
Android,googlesamples/android-play-location,38884177,38884241,1,2016-08-10 17:57:56,115145,858843,2009-05-31 12:20:08,android;java;android-intent;android-studio;android-fragments;
Android,googlesamples/android-play-location,42751848,42751935,0,2017-03-12 15:18:08,6222564,51,2016-04-18 22:19:56,android;
Android,googlesamples/android-play-location,42999266,42999701,0,2017-03-24 08:36:25,3728591,1139,2014-06-11 01:16:33,android;navigation-drawer;actionbardrawertoggle;java;location;
Android,googlesamples/android-play-location,42999266,42999382,1,2017-03-24 08:22:04,5125586,840,2015-07-16 19:24:24,android;javascript;php;html;java;
Android,googlesamples/android-play-location,42999266,42999363,1,2017-03-24 08:21:00,5106574,7325,2015-07-11 15:25:00,android;flutter;dart;android-7.0-nougat;android-8.0-oreo;
Android,googlesamples/android-play-location,42999266,42999701,0,2017-03-24 08:36:25,3728591,1139,2014-06-11 01:16:33,android;navigation-drawer;actionbardrawertoggle;java;location;
Android,googlesamples/android-play-location,42999266,42999382,1,2017-03-24 08:22:04,5125586,840,2015-07-16 19:24:24,android;javascript;php;html;java;
Android,googlesamples/android-play-location,42999266,42999363,1,2017-03-24 08:21:00,5106574,7325,2015-07-11 15:25:00,android;flutter;dart;android-7.0-nougat;android-8.0-oreo;
Android,googlesamples/android-play-location,43961483,43965195,1,2017-05-14 10:43:33,115145,858843,2009-05-31 12:20:08,android;java;android-intent;android-studio;android-fragments;
Android,googlesamples/android-play-location,44948245,44949641,3,2017-07-06 08:59:38,1635488,2673,2012-08-30 04:49:55,android;android-activity;java;android-edittext;android-fragments;
Android,googlesamples/android-play-location,46111860,56537492,0,2019-06-11 02:10:19,2135922,854,2013-03-05 09:24:49,android;exception;android-manifest;google-maps-android-api-2;maps;
Android,googlesamples/android-play-location,46111860,51082361,0,2018-06-28 07:58:51,9868485,408,2018-05-30 02:56:52,android;java;xml;android-studio;service;
Android,googlesamples/android-play-location,46111860,46111993,21,2017-09-08 04:27:50,7679573,1611,2017-03-08 12:39:52,android;kotlin;android-intent;kotlin-android-extensions;android-8.0-oreo;
Android,googlesamples/android-play-location,55769601,55769757,0,2019-04-19 22:33:26,6167341,60,2016-04-06 10:25:49,api;json;javascript;css;asynchronous;
Android,googlesamples/android-play-location,56830127,56830997,1,2019-07-01 02:39:13,8224232,171,2017-06-28 02:24:53,android;callback;imageview;android-glide;java;
Android,googlesamples/android-play-location,56830127,56830572,0,2019-07-01 01:52:53,10365888,301,2018-09-14 17:48:22,gradle;gradle-kotlin-dsl;maven-publish;android;maven-plugin;
Android,googlesamples/android-play-location,56830127,56830263,5,2019-07-01 01:12:34,5876513,1990,2016-02-03 04:00:00,android;java;json;gson;android-camera;
Android,googlesamples/android-play-location,56830127,56830232,0,2019-07-01 01:07:41,8419960,117,2017-08-04 22:03:35,android;android-listview;layout;android-recyclerview;retrofit;
Android,googlesamples/android-play-location,28035910,28035942,2,2015-01-19 21:35:04,136540,84015,2009-07-10 17:31:19,python;c++;java;c;macos;
Android,googlesamples/android-play-location,29578606,59701394,0,2020-01-12 02:02:18,10834197,135,2018-12-26 04:46:47,android;flutter;dart;apk;google-maps;
Android,googlesamples/android-play-location,29578606,38039967,1,2016-06-26 11:18:42,3531243,51,2014-04-14 05:00:31,android;genymotion;java;location;genymotion-gps;
Android,googlesamples/android-play-location,29578606,33439011,-1,2015-10-30 12:02:52,4031815,15910,2014-09-11 12:17:01,android;android-context;android-api-levels;javascript;html;
Android,googlesamples/android-play-location,29578606,29662142,1,2015-04-15 18:37:42,590185,584,2011-01-26 03:22:37,android;siteminder;crash;maps;sample;
Android,googlesamples/android-play-location,29625476,43805872,0,2017-05-05 09:11:24,4575581,509,2015-02-17 10:08:13,mysql;r;data.table;sf;regex;
Android,googlesamples/android-play-location,29625476,29661088,0,2015-04-15 17:17:46,4700871,1039,2015-03-22 17:09:19,android;android-geofence;region-monitoring;xamarin;xamarin.android;
Android,googlesamples/android-play-location,29704938,29705059,0,2015-04-17 12:47:47,3616148,3273,2014-05-08 07:04:16,android;android-fragments;android-webview;android-listview;javascript;
Android,googlesamples/android-play-location,29988597,29989140,-1,2015-05-01 10:49:52,3251783,5677,2014-01-30 02:56:24,android;java;android-studio;android-gradle-plugin;okhttp;
Android,googlesamples/android-play-location,37014990,37016281,3,2016-05-03 19:58:28,294248,47011,2010-03-15 15:47:33,android;android-ndk;surfaceview;dalvik;mediacodec;
Android,googlesamples/android-play-location,40820560,40828236,0,2016-11-27 08:09:12,5632969,4004,2015-12-02 22:38:12,android;youtube-api;youtube;google-maps;youtube-data-api;
Android,googlesamples/android-play-location,43251528,46391826,52,2017-09-24 11:39:51,6117565,1989,2016-03-26 08:50:11,android;location;android-8.0-oreo;google-api;google-api-client;
Android,googlesamples/android-play-location,43251528,59856869,0,2020-01-22 05:53:19,5887671,111,2016-02-05 07:39:41,android;bluetooth-lowenergy;java;android-intent;image;
Android,googlesamples/android-play-location,43251528,49711904,7,2018-04-07 16:54:42,878126,101073,2011-08-04 04:05:33,android;java;bitmap;android-recyclerview;android-intent;
Android,googlesamples/android-play-location,43251528,52568992,0,2018-09-29 09:48:56,5685911,361,2015-12-16 06:40:28,android;autostart;exoplayer;c++;java;
Android,googlesamples/android-play-location,43251528,48277383,3,2018-01-16 05:58:07,810944,610,2011-06-22 14:38:35,ios;android;charts;location;android-8.0-oreo;
Android,googlesamples/android-play-location,43251528,47946476,0,2017-12-22 16:30:07,2244495,1236,2013-04-04 06:59:37,android;android-fragments;incomplete-type;android-dialogfragment;android-optionsmenu;
Android,googlesamples/android-play-location,43251528,45767086,3,2017-08-18 22:32:20,2754757,139,2013-09-06 10:35:42,location;android;ios;android-8.0-oreo;core-location;
Android,googlesamples/android-play-location,43251528,43283582,6,2017-04-07 13:04:34,2944616,19018,2013-11-01 07:26:30,android;android-6.0-marshmallow;java;eclipse;adt;
Android,googlesamples/android-play-location,47528461,47529351,-1,2017-11-28 07:34:07,7821343,387,2017-04-05 10:35:43,android;xml;manifest;geolocation;android-constraintlayout;
Android,googlesamples/android-play-location,47528461,47528571,0,2017-11-28 06:56:29,7821343,387,2017-04-05 10:35:43,android;xml;manifest;geolocation;android-constraintlayout;
Android,googlesamples/android-play-location,48675221,52732507,2,2018-10-10 00:09:29,3455160,764,2014-03-24 07:27:54,android;firebase;searchview;firebase-cloud-messaging;firebase-notifications;
Android,googlesamples/android-play-location,48977377,48978381,0,2018-02-25 16:56:57,2354952,716,2013-05-06 10:01:36,html;javascript;css;image;size;
Android,googlesamples/android-play-location,53069414,60099830,-1,2020-02-06 12:46:33,8899344,182,2017-11-07 06:58:29,android;kotlin-android-extensions;android-architecture-components;androidx;javadoc;
Android,googlesamples/android-play-location,55361740,58282437,1,2019-10-08 04:08:44,2010316,750,2013-01-25 05:55:17,python;resources;qt-designer;pyside2;android;
Android,googlesamples/android-play-location,57908911,57909624,1,2019-09-12 11:04:51,4857016,434,2015-05-02 08:58:16,android;systrace;java;gradle;android-app-bundle;
Android,googlesamples/google-services,31916111,31916544,2,2015-08-10 05:55:11,1665465,2629,2012-09-12 06:40:10,android;multithreading;android-looper;android-activity;rotation;
Android,googlesamples/google-services,32164336,32164463,1,2015-08-23 03:58:55,49489,16124,2008-12-28 07:00:39,java;android;git;easymock;.net;
Android,googlesamples/google-services,32200703,32408904,0,2015-09-04 22:19:57,3354820,216,2014-02-26 03:56:16,dart;angular-dart;angularjs;javascript;templates;
Android,googlesamples/google-services,32663597,37432820,5,2016-05-25 05:22:36,3328933,1287,2014-02-19 12:06:25,scala;scala-2.11;hadoop;scalding;ios;
Android,googlesamples/google-services,32663597,32663981,4,2015-09-18 23:48:38,643383,116922,2011-03-03 13:10:06,ios;objective-c;iphone;cocoa-touch;xcode;
Android,googlesamples/google-services,32932935,32940082,0,2015-10-04 21:20:37,4328123,21449,2014-12-05 06:46:10,android;android-volley;google-signin;java;rest;
Android,googlesamples/google-services,33288089,33388840,0,2015-10-28 07:39:26,4666566,95,2015-03-13 05:27:03,android;android-studio;firebase;google-app-engine;
Android,googlesamples/google-services,34507180,34507300,0,2015-12-29 05:28:49,3069305,879,2013-12-05 05:34:37,android;payment;payment-gateway;java;android-5.0-lollipop;
Android,googlesamples/google-services,34808531,34821294,14,2016-01-15 19:58:39,4062630,5113,2014-09-20 23:40:37,node.js;express;android;android-studio;focus;
Android,googlesamples/google-services,35305507,35306214,-1,2016-02-10 00:16:50,5906181,97,2016-02-09 23:41:13,android;service;android-viewholder;android-recyclerview;java;
Android,googlesamples/google-services,35305507,35305626,2,2016-02-09 23:01:20,4738175,5211,2015-04-01 08:21:54,android;java;android-manifest;android-jobscheduler;android-studio;
Android,googlesamples/google-services,35370580,35370957,2,2016-02-12 16:43:59,4461437,3635,2015-01-16 08:40:58,ios;swift;iphone;ios9;google-signin;
Android,googlesamples/google-services,35515764,40596115,0,2016-11-14 16:12:03,1374573,2370,2012-05-04 05:21:57,python;macos;scrapy;python-2.7;html;
Android,googlesamples/google-services,35515764,35555930,4,2016-02-22 10:17:25,5018257,610,2015-06-17 02:33:25,android;menuitem;android-toolbar;appcompatactivity;java;
Android,googlesamples/google-services,35515764,35530919,0,2016-02-20 21:43:36,5632969,4004,2015-12-02 22:38:12,android;youtube-api;youtube;google-maps;youtube-data-api;
Android,googlesamples/google-services,35902708,48740343,0,2018-02-12 02:58:51,7165026,171,2016-11-15 22:32:14,android;android-studio;data-binding;reactjs;drop-down-menu;
Android,googlesamples/google-services,35902708,43413632,0,2017-04-14 10:33:46,2803832,2062,2013-09-22 04:41:11,android;menu;colors;options;gradle;
Android,googlesamples/google-services,35902708,35926091,0,2016-03-10 16:00:44,6041833,1,2016-03-09 17:31:07,
Android,googlesamples/google-services,35902708,35925691,0,2016-03-10 15:38:42,325479,11086,2010-04-25 13:27:11,android;adapter;listview;android-activity;materialdrawer;
Android,googlesamples/google-services,35902708,35923627,0,2016-03-10 13:45:07,6041833,1,2016-03-09 17:31:07,
Android,googlesamples/google-services,35902708,35905556,0,2016-03-09 20:46:10,6041833,1,2016-03-09 17:31:07,
Android,googlesamples/google-services,35902708,35904319,0,2016-03-09 18:53:09,6041833,1,2016-03-09 17:31:07,
Android,googlesamples/google-services,36869633,36871900,1,2016-04-26 13:33:14,4670053,61,2015-03-14 03:59:17,android;performance;google-maps;nullpointerexception;google-maps-markers;
Android,googlesamples/google-services,37652526,37689525,4,2016-06-07 17:18:09,6436132,56,2016-06-07 11:30:34,android;firebase;firebase-dynamic-links;
Android,googlesamples/google-services,39830457,59387676,2,2019-12-18 03:57:02,4461437,3635,2015-01-16 08:40:58,ios;swift;iphone;ios9;google-signin;
Android,googlesamples/google-services,39830457,57179555,0,2019-07-24 05:25:56,5701444,1548,2015-12-20 18:26:08,ios;objective-c;swift;uisearchcontroller;uisearchbar;
Android,googlesamples/google-services,39830457,40932608,0,2016-12-02 09:47:39,1023083,551,2011-11-01 01:34:06,ios;objective-c;xcode;ios6;iphone;
Android,googlesamples/google-services,39830457,39830521,5,2016-10-03 07:28:16,4601170,20436,2015-02-24 08:33:49,ios;swift;objective-c;uibarbuttonitem;navigationbar;
Android,googlesamples/google-services,41443438,41465832,0,2017-01-04 11:10:13,3436603,447,2014-03-19 04:16:16,android;virtualbox;android-animation;android-5.0-lollipop;illegalargumentexception;
Android,googlesamples/google-services,50960601,56166911,1,2019-05-16 06:53:35,10766558,11,2018-12-09 08:08:01,ios;google-signin;
Android,googlesamples/google-services,50960601,50961069,4,2018-06-21 01:38:26,9600234,1510,2018-04-05 00:48:17,ios;swift;graphql;apollo;apollo-client;
Android,googlesamples/google-services,50960601,50960676,4,2018-06-21 01:00:53,8385972,408,2017-07-29 07:47:52,ios;objective-c;google-signin;iphone;uitabbarcontroller;
Android,googlesamples/google-services,53989113,54002295,2,2019-01-02 03:45:19,10549958,629,2018-10-24 01:41:35,google-apps-script;google-sheets;sorting;google-api;google-drive-api;
Android,googlesamples/google-services,56927404,57000015,0,2019-07-11 23:58:26,5282850,41,2015-08-30 18:22:21,android;google-play-services;oauth;
Android,googlesamples/google-services,30794626,30846155,1,2015-06-15 09:14:33,4993940,63,2015-06-10 04:35:46,google-cloud-messaging;ios;apple-push-notifications;google-app-engine;gcloud;
Android,googlesamples/google-services,32494505,36646820,0,2016-04-15 08:12:20,4891102,364,2015-05-12 07:07:25,passwords;postgresql;default;username;markup;
Android,googlesamples/google-services,33590813,33805361,0,2015-11-19 10:31:39,5581467,1,2015-11-19 10:25:21,
Android,googlesamples/google-services,33957492,33957691,3,2015-11-27 09:42:02,3513479,2637,2014-04-08 23:26:47,android;android-fragments;git;bitbucket;drawerlayout;
Android,googlesamples/google-services,33957492,33957689,1,2015-11-27 09:41:56,3726793,2347,2014-06-10 11:55:51,android;java;android-imageview;android-toolbar;okhttp;
Android,googlesamples/google-services,34765067,35075788,1,2016-01-28 23:19:43,5827947,2323,2016-01-22 16:21:20,android;google-signin;google-play-services;google-plus-signin;google-authentication;
Android,googlesamples/google-services,35115812,57503150,2,2019-08-14 19:17:05,5202392,31,2015-08-07 09:53:51,android;google-signin;java;voip;asterisk;
Android,googlesamples/google-services,35749842,35774948,0,2016-03-03 10:30:35,5632969,4004,2015-12-02 22:38:12,android;youtube-api;youtube;google-maps;youtube-data-api;
Android,googlesamples/google-services,36277533,36628760,1,2016-04-14 12:25:12,2032955,855,2013-02-01 12:12:34,android;firebase;firebase-cloud-messaging;views;overlapping;
Android,googlesamples/google-services,36277533,36589096,1,2016-04-13 01:10:16,1845476,205,2012-11-22 12:22:36,c#;wpf;xaml;image;constants;
Android,googlesamples/google-services,36277533,36426847,1,2016-04-05 08:49:35,1210335,224,2012-02-14 22:31:44,android;architecture;scalability;geolocation;illegalargumentexception;
Android,googlesamples/google-services,36277533,36277634,2,2016-03-29 03:07:37,5206785,1177,2015-08-08 14:29:43,android;sql;mysql;database;phpmyadmin;
Android,googlesamples/google-services,36849825,36850380,0,2016-04-25 16:25:01,3988604,263,2014-08-28 20:23:23,python;oauth;pycharm;c;ubuntu;
Android,googlesamples/google-services,37611050,37627582,0,2016-06-04 03:24:24,5832311,11323,2016-01-24 03:32:35,android;google-maps;youtube-api;google-play-services;google-cloud-messaging;
Android,googlesamples/google-services,38420928,40949748,1,2016-12-03 13:08:16,2342806,647,2013-05-02 06:59:13,android;android-recyclerview;google-cloud-messaging;java;sqlite;
Android,googlesamples/google-services,40039632,40039861,0,2016-10-14 05:36:17,1432752,1459,2012-06-02 14:28:09,android;firebase;admob;firebase-authentication;audio;
Android,googlesamples/google-services,40862400,40869577,1,2016-11-29 12:26:21,5832311,11323,2016-01-24 03:32:35,android;google-maps;youtube-api;google-play-services;google-cloud-messaging;
Android,googlesamples/google-services,43080290,43080346,1,2017-03-28 17:33:20,1338,65020,2008-08-14 11:10:01,xamarin;c#;xamarin.forms;xamarin.ios;android;
Android,googlesamples/android-Camera2Basic,30195940,30197939,16,2015-05-12 13:42:00,4379248,1483,2014-12-19 17:45:43,android;android-camera;android-5.0-lollipop;camera2;java;
Android,googlesamples/android-Camera2Basic,31797821,31839641,1,2015-08-05 14:00:34,1580268,21,2012-08-06 16:15:13,android;android-camera;
Android,googlesamples/android-Camera2Basic,31797821,31818037,0,2015-08-04 15:50:55,1344825,13779,2012-04-19 14:47:29,android;android-camera;android-camera2;camera;api;
Android,googlesamples/android-Camera2Basic,32108318,32110832,10,2015-08-20 02:17:46,4379248,1483,2014-12-19 17:45:43,android;android-camera;android-5.0-lollipop;camera2;java;
Android,googlesamples/android-Camera2Basic,34485680,34485764,1,2015-12-27 19:58:55,804967,18584,2011-06-18 20:20:23,android;android-studio;kotlin;java;android-layout;
Android,googlesamples/android-Camera2Basic,36204550,38376325,1,2016-07-14 10:02:43,6589867,11,2016-07-14 10:02:43,android;fragment;android-fragments;android-fragmentactivity;android-camera2;
Android,googlesamples/android-Camera2Basic,36204550,36206257,0,2016-03-24 13:20:56,2308683,110707,2013-04-22 15:10:38,android;java;python;apache-kafka;hadoop;
Android,googlesamples/android-Camera2Basic,36051791,36574577,2,2016-04-12 09:19:28,1245573,264,2012-03-02 12:53:06,android;android-ndk;menuitem;android-menu;android-actionbar;
Android,googlesamples/android-Camera2Basic,35620400,54196567,5,2019-01-15 07:01:57,8316196,71,2017-07-16 14:29:34,android;java;mobile;android-camera2;android-layout;
Android,googlesamples/android-Camera2Basic,35620400,41892549,1,2017-01-27 08:08:18,1413151,2482,2012-05-23 12:28:36,android;testing;in-app-billing;php;java;
Android,googlesamples/android-Camera2Basic,35620400,36716795,4,2016-04-19 07:16:49,2801482,3123,2013-09-21 02:17:52,android;android-studio;android-studio-3.4;background;colors;
Android,googlesamples/android-Camera2Basic,37144657,37149446,6,2016-05-10 17:41:20,1344825,13779,2012-04-19 14:47:29,android;android-camera;android-camera2;camera;api;
Android,googlesamples/android-Camera2Basic,37996387,38053051,1,2016-06-27 07:41:37,2088066,147,2013-02-19 13:13:11,android;opengl-es;google-project-tango;android-ndk;xamarin.android;
Android,googlesamples/android-Camera2Basic,37996387,38023044,0,2016-06-24 18:38:04,1344825,13779,2012-04-19 14:47:29,android;android-camera;android-camera2;camera;api;
Android,googlesamples/android-Camera2Basic,41790052,48362810,4,2018-01-20 22:26:22,6451789,41,2016-06-10 16:32:34,java;android;android-layout;android-fragments;android-camera2;
Android,googlesamples/android-Camera2Basic,41790052,41790239,1,2017-01-22 08:19:49,5219576,74,2015-08-12 09:38:14,android;java;android-layout;android-fragments;android-activity;
Android,googlesamples/android-Camera2Basic,36055167,41862649,0,2017-01-25 19:14:05,6100645,64,2016-03-22 15:18:20,android;picker;android-appcompat;dialogfragment;
Android,googlesamples/android-Camera2Basic,36055167,36055668,0,2016-03-17 04:56:12,2226605,3432,2013-03-30 03:17:17,android;facebook;windows;runtime-error;locationmanager;
Android,googlesamples/android-Camera2Basic,36055167,36055653,1,2016-03-17 04:55:19,5763690,3027,2016-01-08 13:12:03,java;android;apache-spark;python;apache-spark-sql;
Android,googlesamples/android-Camera2Basic,43052236,43080639,0,2017-03-28 17:55:02,1344825,13779,2012-04-19 14:47:29,android;android-camera;android-camera2;camera;api;
Android,googlesamples/android-Camera2Basic,43386725,43626098,0,2017-04-26 01:54:35,4116560,856,2014-10-07 05:42:34,android;windows;keyboard-shortcuts;mysql-workbench;android-activity;
Android,googlesamples/android-Camera2Basic,44208122,44285588,4,2017-05-31 09:02:26,1758744,513,2012-10-19 04:53:41,html;javascript;angularjs;visual-studio-2012;c#;
Android,googlesamples/android-Camera2Basic,44749473,44769286,4,2017-06-26 17:57:46,3816569,619,2014-07-08 09:27:46,android;android-camera;nullpointerexception;tensorflow;tensorflow-serving;
Android,googlesamples/android-Camera2Basic,45797605,45800940,0,2017-08-21 11:33:52,7581695,147,2017-02-17 12:47:52,android-framelayout;bottomnavigationview;xml;android;polymorphism;
Android,googlesamples/android-Camera2Basic,48094952,58631330,0,2019-10-30 14:04:04,6561701,306,2016-07-07 12:09:39,android;android-recyclerview;java;fragment;kotlin;
Android,googlesamples/android-Camera2Basic,48094952,48095129,8,2018-01-04 09:15:44,885028,24030,2011-08-08 20:18:58,android;android-studio;kotlin;java;python;
Android,googlesamples/android-Camera2Basic,48094952,48120896,12,2018-01-05 17:34:20,1344825,13779,2012-04-19 14:47:29,android;android-camera;android-camera2;camera;api;
Android,googlesamples/android-Camera2Basic,48094952,48095179,3,2018-01-04 09:18:03,7209927,764,2016-11-25 10:25:36,android;matlab;java;ios;memory;
Android,googlesamples/android-Camera2Basic,48707665,48708694,2,2018-02-09 12:07:25,2108972,10369,2013-02-25 17:45:48,android;java;android-intent;sockets;android-asynctask;
Android,googlesamples/android-Camera2Basic,51139091,51143433,1,2018-07-02 16:39:56,1344825,13779,2012-04-19 14:47:29,android;android-camera;android-camera2;camera;api;
Android,googlesamples/android-Camera2Basic,55168391,55168596,1,2019-03-14 13:21:54,10391394,211,2018-09-20 08:40:15,android;android-camera2;overlay;crop;postgresql;
Android,googlesamples/android-Camera2Basic,55636748,55648042,2,2019-04-12 05:02:12,656408,10200,2011-03-12 03:57:22,google-app-engine;python;go;google-cloud-datastore;java;
Android,googlesamples/android-Camera2Basic,55887807,55887841,0,2019-04-28 03:01:56,440780,1015,2010-09-06 11:53:16,android;android-camerax;android-jetpack;java;android-automotive;
Android,googlesamples/android-Camera2Basic,55803627,56161460,3,2019-05-16 01:34:29,4649110,2223,2015-03-09 05:21:20,android;androidx;gradle;android-jetpack;android-appbarlayout;
Android,googlesamples/android-Camera2Basic,55803627,56036465,0,2019-05-08 04:24:54,2016562,146078,2013-01-27 20:37:22,android;gradle;android-gradle-plugin;android-studio;material-design;
Android,googlesamples/android-Camera2Basic,55803627,56013705,10,2019-05-06 19:46:10,440780,1015,2010-09-06 11:53:16,android;android-camerax;android-jetpack;java;android-automotive;
Android,googlesamples/android-Camera2Basic,56645941,56985723,0,2019-07-11 05:15:59,1615070,562,2012-08-21 14:43:31,python;nltk;pandas;latex;wordnet;
Android,googlesamples/android-Camera2Basic,57307365,57307450,1,2019-08-01 06:56:48,1615070,562,2012-08-21 14:43:31,python;nltk;pandas;latex;wordnet;
Android,googlesamples/android-Camera2Basic,27529852,29425821,2,2015-04-02 23:32:35,631803,15594,2011-02-24 02:46:03,android;javascript;html;java;string;
Android,googlesamples/android-Camera2Basic,27529852,27830351,4,2015-01-07 20:10:42,1344825,13779,2012-04-19 14:47:29,android;android-camera;android-camera2;camera;api;
Android,googlesamples/android-Camera2Basic,27529852,27536970,1,2014-12-17 20:53:48,4372307,11,2014-12-17 20:53:48,android;android-camera;
Android,googlesamples/android-Camera2Basic,27529852,27536938,0,2014-12-17 20:50:46,822005,8032,2011-06-29 18:02:25,android;git;merge;fast-forward;android-alertdialog;
Android,googlesamples/android-Camera2Basic,29556406,29834882,0,2015-04-23 17:44:21,2498251,613,2013-06-18 13:57:30,javascript;php;jquery;google-cloud-sql;google-compute-engine;
Android,googlesamples/android-Camera2Basic,31229953,32578204,0,2015-09-15 01:16:41,2395325,355,2013-05-17 15:59:43,linux;curl;cmake;android;android-camera;
Android,googlesamples/android-Camera2Basic,31229953,32067169,0,2015-08-18 04:19:33,192373,49513,2009-10-19 08:02:23,android;android-ndk;java-native-interface;c++;java;
Android,googlesamples/android-Camera2Basic,31232008,31643060,3,2015-07-26 19:36:40,5156538,39,2015-07-25 21:29:08,android;image-processing;surfaceview;android-camera;
Android,googlesamples/android-Camera2Basic,33127258,37860631,-2,2016-06-16 09:24:50,3887406,310,2014-07-29 07:01:32,android;string;multipartform-data;arraylist;horizontal-scrolling;
Android,googlesamples/android-Camera2Basic,33127258,40597153,28,2016-11-14 17:21:31,1115279,3767,2011-12-25 08:37:06,java;android;opengl-es-2.0;python;opengl-es;
Android,googlesamples/android-Camera2Basic,33127258,37299658,4,2016-05-18 08:27:57,411951,9561,2010-08-05 08:44:35,macos;shell;terminal;colors;android;
Android,googlesamples/android-Camera2Basic,33127258,35825082,1,2016-03-06 05:12:43,4845428,131,2015-04-29 04:27:19,android;android-6.0-marshmallow;shell;android-wake-lock;android-5.0-lollipop;
Android,googlesamples/android-Camera2Basic,33127258,33932778,13,2015-11-26 04:26:33,5603920,139,2015-11-25 08:28:23,android;
Android,googlesamples/android-Camera2Basic,33151244,54002988,0,2019-01-02 04:57:29,7811661,148,2017-04-03 22:20:31,android;qr-code;zxing;firebase;android-recyclerview;
Android,googlesamples/android-Camera2Basic,33151244,42221447,4,2017-02-14 05:45:23,4291264,2720,2014-11-25 07:41:41,android;docker;port;iptables;java;
Android,googlesamples/android-Camera2Basic,33151244,33181620,15,2015-10-16 21:03:43,1344825,13779,2012-04-19 14:47:29,android;android-camera;android-camera2;camera;api;
Android,googlesamples/android-Camera2Basic,36440019,52860717,0,2018-10-17 13:42:35,10447740,11,2018-10-02 14:23:01,
Android,googlesamples/android-Camera2Basic,36964572,42772736,0,2017-03-13 16:21:52,334402,16555,2010-05-06 08:06:07,video;android;html;javascript;streaming;
Android,googlesamples/android-Camera2Basic,36964572,42180271,1,2017-02-11 16:29:27,6027598,276,2016-03-07 01:34:59,android;java;android-camera;opengl-es;c++;
Android,googlesamples/android-Camera2Basic,38698739,38745279,0,2016-08-03 09:37:48,6266987,49,2016-04-28 09:50:35,youtube;youtube-iframe-api;google-api;preview;google-api-java-client;
Android,googlesamples/android-Camera2Basic,43586567,43595303,0,2017-04-24 14:29:59,1344825,13779,2012-04-19 14:47:29,android;android-camera;android-camera2;camera;api;
Android,googlesamples/android-Camera2Basic,44527420,52758187,2,2018-10-11 06:48:22,1315186,470,2012-04-05 07:50:57,android;r;python;listview;matrix;
Android,googlesamples/android-Camera2Basic,44527420,44547527,2,2017-06-14 10:24:39,3476792,47,2014-03-29 17:52:47,android;android-camera2;ubuntu;virtualbox;grub;
Android,googlesamples/android-Camera2Basic,45439087,45455930,0,2017-08-02 04:49:30,7364774,39,2017-01-02 07:06:17,java;android;opencv;
Android,googlesamples/android-Camera2Basic,45439087,45448817,0,2017-08-01 18:49:47,4126381,61,2014-10-09 13:10:36,android-camera2;screen-capture;preview;previewcallback;image-reader;
Android,googlesamples/android-Camera2Basic,47248029,47276251,1,2017-11-13 22:30:12,1344825,13779,2012-04-19 14:47:29,android;android-camera;android-camera2;camera;api;
Android,googlesamples/android-Camera2Basic,47621046,49561895,1,2018-03-29 13:23:09,9118381,21,2017-12-19 10:52:58,android;searchview;android-camera2;
Android,googlesamples/android-Camera2Basic,47663132,47682645,0,2017-12-06 17:08:22,9058667,1,2017-12-05 18:39:52,
Android,googlesamples/android-Camera2Basic,48691587,48691729,0,2018-02-08 14:47:11,5794116,2350,2016-01-15 07:25:55,android;timer;nstimer;java;firebase;
Android,googlesamples/android-Camera2Basic,49510515,49530498,2,2018-03-28 05:13:10,192373,49513,2009-10-19 08:02:23,android;android-ndk;java-native-interface;c++;java;
Android,googlesamples/android-Camera2Basic,49511840,49516835,1,2018-03-27 11:24:33,192373,49513,2009-10-19 08:02:23,android;android-ndk;java-native-interface;c++;java;
Android,googlesamples/android-Camera2Basic,49547673,49548377,2,2018-03-29 01:02:27,5891747,6711,2016-02-06 08:00:38,android;xml;android-studio;android-layout;java;
Android,googlesamples/android-Camera2Basic,51892029,51892093,0,2018-08-17 05:14:32,10159898,2375,2018-07-31 05:55:53,android;java;kotlin;android-studio;c++;
Android,googlesamples/android-Camera2Basic,52374888,55442798,0,2019-03-31 12:05:48,7726229,460,2017-03-17 05:24:02,android;vue.js;vue-component;fragment;onkeydown;
Android,googlesamples/android-Camera2Basic,52842291,52842593,0,2018-10-16 15:18:03,1344825,13779,2012-04-19 14:47:29,android;android-camera;android-camera2;camera;api;
Android,googlesamples/android-Camera2Basic,53296311,53296671,0,2018-11-14 06:18:46,8375325,1011,2017-07-27 05:47:06,android;pdf;webview;layout;background;
Android,googlesamples/android-Camera2Basic,53914346,53924061,0,2018-12-25 13:43:37,10829224,1,2018-12-24 10:29:33,
Android,googlesamples/android-Camera2Basic,54073476,54074008,1,2019-01-07 08:57:58,10242854,1718,2018-08-18 07:04:25,android;android-fonts;flutter;dart;navigation;
Android,googlesamples/android-Camera2Basic,54517166,54998808,0,2019-03-05 04:53:07,1644914,1015,2012-09-03 22:13:21,android;android-textureview;grafika;opengl-es;preview;
Android,googlesamples/android-Camera2Basic,57512168,57515695,5,2019-08-15 16:14:56,1344825,13779,2012-04-19 14:47:29,android;android-camera;android-camera2;camera;api;
Android,googlesamples/android-Camera2Basic,57716484,58619371,1,2019-10-30 01:47:12,11993766,11,2019-08-29 06:00:31,java;android;landscape-portrait;android-camera2;
Android,googlesamples/android-vision,32021193,32029162,40,2015-08-15 16:43:58,5231007,2807,2015-08-15 15:49:06,android;google-vision;android-vision;google-play-services;face-detection;
Android,googlesamples/android-vision,32051973,35853754,9,2016-03-07 16:50:33,5824002,91,2016-01-21 21:55:00,camera;android;google-play-services;google-vision;android-vision;
Android,googlesamples/android-vision,32051973,32828161,12,2015-09-28 12:57:35,5231007,2807,2015-08-15 15:49:06,android;google-vision;android-vision;google-play-services;face-detection;
Android,googlesamples/android-vision,32051973,32051974,19,2015-08-17 09:41:50,932052,4372,2011-09-07 01:34:05,android;java;deep-linking;adb;camera;
Android,googlesamples/android-vision,35757052,35757934,12,2016-03-02 17:00:36,3042873,506,2013-11-27 14:25:52,android;java;android-studio;android-gradle-plugin;google-vision;
Android,googlesamples/android-vision,37300874,37321713,0,2016-05-19 07:22:25,6159449,61,2016-04-05 01:45:33,android;java;android-pay;google-analytics;google-cloud-messaging;
Android,googlesamples/android-vision,37300874,37310467,0,2016-05-18 17:34:06,878126,101073,2011-08-04 04:05:33,android;java;bitmap;android-recyclerview;android-intent;
Android,googlesamples/android-vision,37559401,59498254,1,2019-12-27 04:56:24,6369323,422,2016-05-22 23:33:35,android;android-vision;activity-state;android-lifecycle;android-activity;
Android,googlesamples/android-vision,37559401,42921000,2,2017-03-21 03:43:45,4612755,583,2015-02-26 21:35:54,android;dlib;c++;opencv;webcam-capture;
Android,googlesamples/android-vision,37559401,41712772,1,2017-01-18 03:30:54,2301721,538,2013-04-20 04:55:55,android;sdk;android-studio;mysql;my.cnf;
Android,googlesamples/android-vision,42420540,42448872,1,2017-02-24 17:48:10,1652657,3510,2012-09-06 12:38:46,android;android-ui;navigation-drawer;android-recyclerview;java;
Android,googlesamples/android-vision,52367169,52420312,1,2018-09-20 03:59:56,6000190,500,2016-02-29 20:49:59,android;crop;face-detection;textview;wifi;
Android,googlesamples/android-vision,52367169,52367336,0,2018-09-17 08:03:20,10159898,2375,2018-07-31 05:55:53,android;java;kotlin;android-studio;c++;
Android,googlesamples/android-vision,55876514,57596278,1,2019-08-21 13:04:37,11637587,51,2019-06-12 10:48:40,android;ocr;computer-vision;text-recognition;android-layout;
Android,googlesamples/android-vision,61055800,61414738,2,2020-04-24 14:08:06,11997127,111,2019-08-29 21:33:13,firebase-mlkit;android;firebase;qr-code;barcode-scanner;
Android,googlesamples/android-vision,32105785,32213193,0,2015-08-25 16:11:37,882330,69,2011-08-06 21:15:37,filter;android-arrayadapter;android;listview;android-listview;
Android,googlesamples/android-vision,32105785,32146854,5,2015-08-21 14:13:36,5231007,2807,2015-08-15 15:49:06,android;google-vision;android-vision;google-play-services;face-detection;
Android,googlesamples/android-vision,32525489,32555980,5,2015-09-13 20:50:18,973191,463,2011-09-30 09:42:20,android;ads;android-intent;start-activity;android-sdcard;
Android,googlesamples/android-vision,32525489,32525881,0,2015-09-11 10:29:49,2631372,659,2013-07-29 14:08:37,android;android-layout;bitmap;rotation;imageview;
Android,googlesamples/android-vision,32525489,32525816,0,2015-09-11 10:26:50,4433029,240,2015-01-08 10:23:08,android;android-fragments;dpi;android-intent;android-activity;
Android,googlesamples/android-vision,32988308,33002368,0,2015-10-07 17:02:52,5231007,2807,2015-08-15 15:49:06,android;google-vision;android-vision;google-play-services;face-detection;
Android,googlesamples/android-vision,33176583,33177029,0,2015-10-16 14:13:57,5454865,1,2015-10-16 13:36:42,
Android,googlesamples/android-vision,35056994,47684468,0,2017-12-06 19:24:03,6642238,49,2016-07-26 20:50:10,android;ssl;amazon-s3;android-gradle-plugin;facebook;
Android,googlesamples/android-vision,35056994,45193826,0,2017-07-19 10:36:23,7802055,540,2017-04-01 11:15:13,python;android;vision;numpy;java;
Android,googlesamples/android-vision,35811411,49651054,0,2018-04-04 08:28:43,2082668,3971,2013-02-18 05:27:23,android;gradle;android-multidex;robolectric;robolectric-gradle-plugin;
Android,googlesamples/android-vision,35811411,40908844,15,2016-12-01 07:57:57,6409743,359,2016-06-01 08:59:37,android;barcode-scanner;android-camera;camera-flash;qr-code;
Android,googlesamples/android-vision,36235320,36236614,0,2016-03-26 10:43:11,6114210,1,2016-03-25 09:55:42,
Android,googlesamples/android-vision,36251940,36252023,0,2016-03-27 16:05:33,,,,[]
Android,googlesamples/android-vision,36715739,36717257,-1,2016-04-19 07:37:30,5488423,1162,2015-10-26 05:39:19,android;integer;image;html;dpi;
Android,googlesamples/android-vision,37327891,43229272,0,2017-04-05 07:00:55,6914806,332,2016-10-03 05:24:45,c#;android-studio;android;web-config;.net-assembly;
Android,googlesamples/android-vision,37327891,38091722,0,2016-06-29 02:18:35,2212770,2459,2013-03-26 13:50:37,android;android-layout;android-studio;android-resources;android-cardview;
Android,googlesamples/android-vision,37371844,37685381,2,2016-06-07 13:13:26,2300034,51,2013-04-19 12:33:47,android;android-vision;google-vision;
Android,googlesamples/android-vision,37371844,37397316,0,2016-05-23 13:43:42,1663826,23,2012-09-11 14:58:06,camera;android;tracking;face-recognition;android-vision;
Android,googlesamples/android-vision,37371844,37382274,2,2016-05-22 23:35:06,6369323,422,2016-05-22 23:33:35,android;android-vision;activity-state;android-lifecycle;android-activity;
Android,googlesamples/android-vision,39075163,39118348,0,2016-08-24 04:37:32,5549658,73,2015-11-11 04:41:50,android;android-contacts;java;regex;ocr;
Android,googlesamples/android-vision,40783903,58339999,-1,2019-10-11 07:09:16,5279156,3625,2015-08-29 01:50:21,android;angular;angular2-routing;java;kotlin;
Android,googlesamples/android-vision,40783903,40848515,-1,2016-11-28 12:59:21,5231007,2807,2015-08-15 15:49:06,android;google-vision;android-vision;google-play-services;face-detection;
Android,googlesamples/android-vision,42418470,45206306,1,2017-07-20 01:58:45,3993202,612,2014-08-30 12:51:58,c#;xamarin;android;google-maps;google-maps-api-3;
Android,googlesamples/android-vision,42418470,42418576,0,2017-02-23 10:30:40,6625726,6582,2016-07-22 09:58:40,xamarin;c#;xamarin.forms;android;xamarin.android;
Android,googlesamples/android-vision,42690402,42691744,0,2017-03-09 05:41:18,5200968,101,2015-08-07 03:07:12,android;javascript;css;java;jquery;
Android,googlesamples/android-vision,43159280,43356831,7,2017-04-11 17:53:45,4612755,583,2015-02-26 21:35:54,android;dlib;c++;opencv;webcam-capture;
Android,googlesamples/android-vision,43361706,43524437,1,2017-04-20 11:55:43,4612755,583,2015-02-26 21:35:54,android;dlib;c++;opencv;webcam-capture;
Android,googlesamples/android-vision,44249483,44385255,0,2017-06-06 04:39:46,6749142,1236,2016-08-23 13:39:36,reactjs;svg;javascript;stripe-payments;react-router;
Android,googlesamples/android-vision,44784502,44833925,0,2017-06-29 15:58:08,6905314,86,2016-09-30 10:55:50,android;android-vision;qr-code;google-vision;performance;
Android,googlesamples/android-vision,47368195,49993608,5,2018-04-24 00:45:00,5267007,51,2015-08-26 01:30:46,java;android;vision-api;
Android,googlesamples/android-vision,47405228,47406203,0,2017-11-21 03:01:03,4478019,431,2015-01-21 08:29:13,android;dagger-2;dependency-injection;mediabrowserservicecompat;firebase;
Android,googlesamples/android-vision,47839974,53655702,0,2018-12-06 13:26:23,4903925,2681,2015-05-15 08:59:41,android;java;android-camera;broadcastreceiver;android-mediarecorder;
Android,googlesamples/android-vision,47888146,48037465,0,2017-12-30 17:08:19,6449931,87,2016-06-10 07:55:25,android;android-things;adb;raspberry-pi3;html;
Android,googlesamples/android-vision,50700241,55947492,0,2019-05-02 03:22:54,8546205,851,2017-08-31 23:39:00,android;google-places-api;google-places;googleplacesautocomplete;google-maps;
Android,googlesamples/android-vision,50700241,55800044,1,2019-04-22 15:31:12,7043160,31,2016-10-19 12:21:33,android-vision;javascript;php;email;.htaccess;
Android,googlesamples/android-vision,50700241,52449818,0,2018-09-21 15:10:18,3235917,31,2014-01-25 15:55:20,text-recognition;ocr;google-vision;android;android-vision;
Android,googlesamples/android-vision,54608165,54939281,0,2019-03-01 02:44:15,484073,3562,2010-07-21 09:08:59,android;textview;text-styling;android-activity;dialog;
Android,googlesamples/android-vision,55364986,55365142,0,2019-03-26 15:44:21,549372,38987,2010-12-20 22:04:27,android;java;gradle;firebase;php;
Android,googlesamples/android-vision,57866618,58019063,0,2019-09-19 17:20:17,10095965,23,2018-07-17 16:32:40,plasticscm;npm;electron;
Android,googlesamples/android-vision,57866618,57972945,1,2019-09-17 07:05:48,3797753,913,2014-07-02 08:54:09,android;android-studio;java;gradle;pagerslidingtabstrip;
Android,googlesamples/android-BluetoothChat,32736708,62321402,0,2020-06-11 05:40:23,8491926,31,2017-08-20 14:44:12,android;connection;bluetooth;simultaneous;android-wifi;
Android,googlesamples/android-BluetoothChat,32736708,32961245,1,2015-10-05 23:31:11,5412225,111,2015-10-05 22:42:49,android;chat;bluetooth;bluetooth-lowenergy;
Android,googlesamples/android-BluetoothChat,32736708,32925547,0,2015-10-03 13:44:36,3666330,182,2014-05-22 14:19:24,java;exception-handling;maven;sonarqube;sonarqube-5.0;
Android,googlesamples/android-BluetoothChat,38809845,54792201,2,2019-02-20 13:32:23,7022813,81,2016-10-15 05:01:50,bluetooth;facebook;apache;.htaccess;mod-rewrite;
Android,googlesamples/android-BluetoothChat,48450709,48469066,2,2018-01-26 17:28:23,543136,4047,2010-12-15 06:19:19,android;wear-os;textview;button;text;
Android,googlesamples/android-BluetoothChat,54883157,54887378,1,2019-02-26 10:08:16,8313205,635,2017-07-15 15:35:56,android;gradle;buildconfig;android-build;android-gradle-plugin;
Android,googlesamples/android-BluetoothChat,55351397,55362538,0,2019-03-26 13:00:04,2927284,667,2013-10-28 05:25:02,java;core-bluetooth;ios;bluetooth;bluetooth-lowenergy;
Android,googlesamples/android-BluetoothChat,56665807,56672004,0,2019-06-19 12:14:50,10181236,312,2018-08-04 17:24:18,python;ffmpeg;streamlink;caching;http-live-streaming;
Android,googlesamples/android-play-places,29327324,29427054,1,2015-04-03 02:06:50,1912077,3094,2012-12-18 04:09:41,java;hibernate;android;spring;sql;
Android,googlesamples/android-play-places,29327324,29328202,0,2015-03-29 06:49:47,4694013,6744,2015-03-20 08:39:45,android;java;android-studio;javascript;date;
Android,googlesamples/android-play-places,29744045,29803157,1,2015-04-22 12:06:23,3184778,2069,2014-01-11 07:25:23,android;android-layout;android-linearlayout;android-edittext;layout;
Android,googlesamples/android-play-places,29744045,29750984,4,2015-04-20 10:40:56,188779,918,2009-10-12 21:37:17,android;git;floating-point;resources;amazon-appstore;
Android,googlesamples/android-play-places,30228374,30382068,0,2015-05-21 14:53:37,1211831,1621,2012-02-15 13:23:19,android;google-places-api;android-fragments;google-api-client;encoding;
Android,googlesamples/android-play-places,30444150,31858505,1,2015-08-06 10:31:27,3178944,17220,2014-01-09 15:47:10,android;android-studio;gradle;java;android-recyclerview;
Android,googlesamples/android-play-places,51832965,51836721,0,2018-08-14 04:13:15,2722568,1273,2013-08-27 13:18:42,algorithm;big-o;analysis;java;c++;
Android,googlesamples/android-play-places,29542859,29713567,5,2015-04-18 02:03:12,4803594,71,2015-04-18 00:55:22,android;autocomplete;google-places-api;android-layout;android-actionbar;
Android,googlesamples/android-play-places,31640783,43072338,1,2017-03-28 10:31:07,1412900,1198,2012-05-23 10:36:39,android;java;facebook;xml;xslt;
Android,googlesamples/android-play-places,31656342,31862902,0,2015-08-06 14:11:14,5012866,705,2015-06-15 16:04:30,svg;text;java;javascript;jquery;
Android,googlesamples/android-play-places,32252306,32277903,0,2015-08-28 14:49:22,2080233,1018,2013-02-17 06:22:25,android;c#;eclipse;refresh;panel;
Android,googlesamples/android-play-places,33115337,49666938,0,2018-04-05 03:50:37,606413,2005,2011-02-07 09:26:10,android;debugging;certificate;xcode;objective-c;
Android,googlesamples/android-play-places,33115337,50295705,0,2018-05-11 11:35:37,6619548,515,2016-07-21 07:51:02,mysql-python;homebrew;pip;virtualenv;django;
Android,googlesamples/android-play-places,33115337,48692727,3,2018-02-08 15:48:21,6739012,1738,2016-08-20 16:46:36,android;java;variables;interface;listener;
Android,googlesamples/android-play-places,33115337,43465521,2,2017-04-18 02:54:07,3110234,1631,2013-12-17 04:56:46,android;java;phone-number;telephonymanager;android-spinner;
Android,googlesamples/android-play-places,33115337,40512903,0,2016-11-09 14:37:30,1598592,296,2012-08-14 12:13:06,spring-data-jpa;java;hibernate;spring-data;jpa;
Android,googlesamples/android-play-places,33115337,38094673,1,2016-06-29 04:52:08,5286885,1708,2015-09-01 00:11:40,android;drawerlayout;deprecation-warning;android-studio;android-fragments;
Android,googlesamples/android-play-places,33115337,34470190,2,2015-12-26 06:48:54,4025692,4281,2014-09-10 02:50:33,android;java;overhead;gradle;textview;
Android,googlesamples/android-play-places,33115337,33613162,8,2015-11-09 13:01:33,2911228,116,2013-10-23 09:02:29,android;google-places-api;php;.htaccess;if-statement;
Android,googlesamples/android-play-places,48323477,48325482,0,2018-01-18 13:03:27,4111447,3870,2014-10-05 17:06:46,android;multi-window;android-n-preview;java;apk;
Android,googlesamples/android-play-places,54783052,54997399,3,2019-03-05 03:21:39,8069213,49,2017-05-26 04:00:36,android;google-places-api;google-play-services;googleplacesautocomplete;android-livedata;
